name,rating,released,genres,platforms,metacritic,playtime,play_mode
The Elder Scrolls VI,4.88,,"Action, RPG","PC, Xbox Series S/X",,0,Singleplayer
"Warhammer 40,000: Dawn of War - Definitive Edition",4.83,,,PC,,4,Both
No Case Should Remain Unsolved,4.83,2024-01-17,"Adventure, Indie","macOS, PC, Nintendo Switch",,3,Singleplayer
Gimmick!,4.83,1992-01-31,,NES,,0,Singleplayer
Super Robot Taisen: Original Generation,4.83,2002-11-22,"Action, Strategy",Game Boy Advance,,0,Singleplayer
The Witcher 3: Wild Hunt – Blood and Wine,4.81,2016-05-30,RPG,"PlayStation 4, PC, Xbox One",92,0,Unknown
The Witcher 3 Wild Hunt - Complete Edition,4.8,2016-08-30,"Adventure, RPG","Xbox One, Xbox Series S/X, PC, Nintendo Switch, PlayStation 4, PlayStation 5",92,0,Unknown
The Witcher 3: Wild Hunt – Hearts of Stone,4.76,2015-10-13,RPG,"PlayStation 4, Xbox One, PC",90,0,Unknown
Charlie (Hazbin Hotel) mega porn pack 1,4.75,2023-02-17,,"Android, Linux, macOS, PC",,0,Unknown
Persona 5 Royal,4.75,2020-03-31,"Adventure, RPG","Xbox Series S/X, PC, PlayStation 5, Nintendo Switch, Xbox One, PlayStation 4",94,12,Singleplayer
Mass Effect Trilogy,4.75,2012-11-06,"Action, Shooter, RPG","PC, PlayStation 3",,0,Unknown
That level again 2,4.71,2015-06-09,"Casual, Indie, Puzzle","PC, Android",,0,Singleplayer
Cyberpunk 2077: Phantom Liberty,4.71,2023-09-26,"Action, Shooter","PlayStation 5, Xbox Series S/X, PC",,0,Unknown
Sonic Triple Trouble 16-Bit (NoahNCopeland),4.71,2022-08-02,"Action, Adventure, Indie, Platformer",PC,,0,Unknown
Bloodborne: The Old Hunters,4.71,2015-11-24,"Action, RPG",PlayStation 4,,0,Unknown
Adventure Island IV,4.71,1994-06-24,"Adventure, Platformer",NES,,0,Unknown
Guilty Parade,4.71,,"Adventure, Indie","PC, macOS, Linux",,4,Singleplayer
Godzilla Save the Earth,4.71,2004-11-02,"Action, Fighting","PlayStation 2, Xbox",,0,Multiplayer
Arcaea,4.71,2017-03-09,"Arcade, Casual",iOS,,0,Unknown
Victoria 2: Heart of Darkness,4.71,2013-04-16,Strategy,PC,,0,Multiplayer
Harvest Moon: Friends of Mineral Town (Wii),4.71,2015-06-11,"Adventure, Simulation",Wii U,,0,Unknown
The Binding of Isaac: Repentance,4.7,2021-03-31,Action,"PlayStation 5, PlayStation 4, Nintendo Switch, Xbox Series S/X, PC, Xbox One",,0,Unknown
The Last Of Us Remastered,4.69,2014-07-29,"Action, Adventure",PlayStation 4,95,16,Multiplayer
Quake II: Enhanced Edition,4.67,2023-08-10,"Action, Shooter","Nintendo Switch, Xbox Series S/X, Xbox One, PlayStation 4, PlayStation 5, PC",,0,Singleplayer
Red Matter 2,4.67,2022-08-18,"Action, Adventure, Indie",PC,,2,Singleplayer
The Last of Us Part I,4.67,2022-09-02,"Action, Shooter, Adventure","PC, PlayStation 5",,13,Both
Outlast Mobile Demo,4.67,2021-09-11,,Android,,0,Unknown
I Expect You To Die 2: The Spy and the Liar,4.67,2021-08-24,"Adventure, Indie, Puzzle","PC, PlayStation 4",,2,Singleplayer
One Night at Flumpty's,4.67,2020-11-18,"Strategy, Puzzle",iOS,,0,Unknown
siren head simulator (mr bonnie),4.67,2020-07-06,Simulation,"PC, Linux",,0,Unknown
Nekketsu Kakutou Densetsu,4.67,1992-12-23,Fighting,NES,,0,Unknown
Project M,4.67,,Action,Wii,,0,Unknown
Liero,4.67,1998-01-01,Action,PC,,0,Unknown
Sengoku Basara 2,4.67,2006-07-27,Action,PlayStation 2,,0,Unknown
Shining Force III,4.67,1997-12-11,"RPG, Strategy",SEGA Saturn,,0,Unknown
Flattened,4.67,2018-01-21,,PC,,0,Unknown
Superfighters Deluxe,4.67,,"Action, Indie",PC,,3,Both
Jump Ultimate Stars,4.67,2006-11-23,Fighting,Nintendo DS,,0,Both
Turrican,4.67,1990-01-01,,"Commodore / Amiga, Game Boy, PC, Atari ST, Genesis",,0,Singleplayer
Dominions 5 - Warriors of the Faith,4.67,2017-11-27,"Strategy, Indie","macOS, PC, Linux",,6,Both
Gemfire,4.67,1991-08-29,Strategy,"SNES, NES, Genesis, PC",,0,Both
Championship Manager Season 03/04,4.67,2003-11-21,"Strategy, Sports",PC,,0,Unknown
Starlancer,4.67,2000-03-31,Simulation,"Dreamcast, PC",78,0,Both
Grand Prix 3,4.67,2000-08-24,"Simulation, Sports, Racing",PC,87,0,Unknown
Ballistics,4.67,2001-10-01,"Racing, Arcade","PC, Linux",71,0,Multiplayer
Princess Maker 2,4.67,1993-06-15,Simulation,"3DO, SEGA Saturn, PlayStation 2, macOS, PC",,0,Unknown
Attack the Light - Steven Universe Light RPG,4.67,2015-04-02,"Adventure, RPG","Android, iOS",,0,Unknown
Bike Baron,4.67,2011-10-19,"Action, Racing, Arcade, Casual","macOS, iOS",,0,Unknown
Disco Elysium: Final Cut,4.66,2021-03-30,"Adventure, RPG","PlayStation 5, Xbox Series S/X, PlayStation 4, macOS, PC, iOS, Nintendo Switch, Xbox One",90,5,Unknown
Starsector,4.64,2013-04-26,"RPG, Strategy",PC,,0,Unknown
Disciples II Gold,4.64,2005-02-02,Strategy,PC,,0,Both
The Witcher 3: Wild Hunt,4.64,2015-05-18,"Action, RPG","PlayStation 5, Xbox Series S/X, macOS, PlayStation 4, Nintendo Switch, PC, Xbox One",92,43,Singleplayer
Esoteric Ebb,4.62,2026-03-03,Adventure,PC,,0,Unknown
System Shock 2: 25th Anniversary Remaster,4.62,2025-06-25,"Action, Adventure, RPG",PC,,1,Both
WorldBox - Sandbox God Simulator,4.62,,Simulation,Android,,0,Unknown
MegaMan Zero 3,4.62,2004-10-05,"Action, RPG, Platformer","Game Boy Advance, Nintendo DS",,0,Unknown
Splatoon 2: Octo Expansion,4.62,2018-06-12,"Action, Shooter",Nintendo Switch,82,0,Multiplayer
Shatterhand,4.62,1991-10-26,"Action, Platformer",NES,,0,Singleplayer
Rockin' Kats,4.62,1991-04-05,"Action, Platformer",NES,,0,Singleplayer
Mario & Luigi: Bowser's Inside Story + Bowser Jr's Journey,4.62,2018-12-27,RPG,Nintendo 3DS,84,0,Unknown
Majesty: The Northern Expansion,4.62,2001-03-01,Strategy,PC,,25,Unknown
POD Gold,4.62,1997-02-27,"Racing, Arcade",PC,,1,Both
Gothic 2: Night of the Raven,4.61,2003-08-21,RPG,PC,,0,Unknown
HYPER DEMON,4.6,2022-09-19,"Action, Shooter, Indie",PC,,1,Singleplayer
Desert Stalker (2022),4.6,2022-04-17,Casual,PC,,0,Unknown
Shoot Shoot My Waifu,4.6,2020-10-12,"Action, Adventure, Casual, Indie","Linux, macOS, PC",,2,Singleplayer
I Wanna Be the Boshy,4.6,2010-11-02,Platformer,PC,,0,Unknown
Dark Souls III: The Ringed City,4.6,2017-03-28,"Action, RPG","Xbox One, PC, PlayStation 4",83,0,Unknown
Shinobido: Way of the Ninja,4.6,2005-11-10,Action,PlayStation 2,,0,Unknown
MegaMan Zero,4.6,2002-09-10,"Action, RPG, Platformer","Nintendo DS, Game Boy Advance",,0,Unknown
The Jolly Gang's Spooky Adventure,4.6,2008-10-22,,PC,,0,Unknown
AirXonix,4.6,1999-01-01,"Arcade, Casual, Puzzle","PC, iOS",,0,Unknown
The Elder Scrolls V: Skyrim Legendary Edition,4.59,2013-06-04,"Adventure, RPG","PC, PlayStation 3, Xbox 360",94,0,Unknown
Red Dead Redemption 2,4.59,2018-10-26,Action,"PC, PlayStation 4, Xbox One",96,21,Both
God of War Ragnarök,4.58,,"Action, Adventure, RPG",PC,,13,Singleplayer
Resident Evil 4,4.58,2023-03-24,"Action, Adventure","PlayStation 4, PC, iOS, PlayStation 5, Xbox Series S/X",,24,Singleplayer
What a Legend!,4.58,2021-09-25,Casual,PC,,0,Unknown
Deltarune: Chapter 2,4.58,2021-09-17,"Action, Adventure, RPG, Indie","PlayStation 4, PC, Nintendo Switch, macOS",,0,Unknown
Ghost of Tsushima Director's Cut,4.58,2021-08-20,"Action, Adventure, RPG","PC, PlayStation 4, PlayStation 5",,4,Unknown
Grand Theft Auto IV: Complete Edition,4.58,2010-10-27,"Action, Adventure","PC, PlayStation 3, Xbox 360",95,0,Unknown
Virtua Racing,4.58,1992-08-01,Racing,"SEGA 32X, Genesis, SEGA Saturn, Nintendo Switch",,0,Both
StarСraft II: Legacy of the Void,4.58,2015-11-10,Strategy,"PC, macOS",88,0,Unknown
Age of Empires II: The Conquerors,4.58,2000-08-25,Strategy,PC,,11,Unknown
Diablo II: Lord of Destruction,4.58,2001-06-24,"Action, RPG",PC,,0,Unknown
The Legend of Zelda: Twilight Princess HD,4.58,2016-03-04,"Action, RPG",Wii U,,34,Unknown
Mega Man Maverick Hunter X,4.58,2006-02-02,"Action, Platformer",PSP,79,1,Unknown
Portal 2,4.58,2011-04-18,"Shooter, Puzzle","PlayStation 3, PC, Xbox 360, Linux, macOS, Xbox One",95,11,Both
Mewgenics,4.57,2026-02-10,Strategy,PC,,57,Unknown
Resident Evil 9: Requiem,4.57,2026-02-27,Action,"PlayStation 5, Xbox Series S/X, PC",,0,Unknown
Lil' Guardsman,4.57,2024-01-23,"Adventure, Casual, Indie","macOS, PC",,6,Singleplayer
OCTOPATH TRAVELER II,4.57,,RPG,PC,,6,Singleplayer
Kingdom Come: Deliverance - Royal Edition,4.57,2019-05-28,"Action, RPG","Xbox One, Nintendo Switch, PlayStation 4, PC",,0,Unknown
Dungeons of Dreadrock,4.57,2022-02-12,"Action, Adventure, RPG, Casual, Indie, Puzzle","PC, iOS, Nintendo Switch",,4,Singleplayer
Osake Riesz,4.57,2018-04-24,Casual,PC,,0,Unknown
Athanasy,4.57,2022-04-13,"Casual, Indie","macOS, PC, Linux",,7,Singleplayer
Duskwood -Detective & Criminal,4.57,2019-09-27,"Adventure, RPG","iOS, Android",,0,Unknown
Mass Effect: Legendary Edition,4.57,2021-05-14,"Action, Shooter, Adventure, RPG","PlayStation 5, Xbox Series S/X, PlayStation 4, PC, Xbox One",88,12,Singleplayer
Mahjong Titans (Microsoft),4.57,2006-11-08,Card,PC,,0,Unknown
Project Gotham Racing 2,4.57,2003-11-17,"Racing, Arcade",Xbox,,0,Unknown
Fallen Hero: Rebirth,4.57,2018-03-14,"Adventure, RPG, Indie","iOS, PC, macOS, Linux, Android",,6,Singleplayer
Flowers -Le volume sur ete,4.57,2018-07-26,Casual,PC,,13,Singleplayer
SuperTuxKart,4.57,2006-08-06,"Action, Racing","PC, Linux, macOS, Android",,0,Unknown
Dai Gyakuten Saiban 2: Naruhodō Ryūnosuke no Kakugo (Ace Attorney),4.57,2017-01-01,Adventure,"iOS, Android, Nintendo 3DS",,0,Unknown
Volfied (1989),4.57,1989-05-16,Action,"Genesis, Commodore / Amiga, Atari ST, Wii, PC",,0,Unknown
Kick Master,4.57,1992-01-01,"Action, Platformer",NES,,0,Singleplayer
Jackie Chan Adventures,4.57,2001-11-06,Action,Game Boy Advance,,0,Singleplayer
StarCraft II: Heart of the Swarm,4.57,2013-03-12,Strategy,"macOS, PC",,1,Unknown
Emergency 4: Global Fighters for Life,4.57,2006-04-13,Strategy,PC,,0,Unknown
Sub Culture,4.57,1997-01-01,Arcade,PC,,0,Unknown
X-Tension,4.57,2000-06-01,Simulation,PC,,1,Unknown
Pang,4.57,1989-12-31,Arcade,,,7,Unknown
MechCommander,4.57,1998-01-01,Strategy,PC,,0,Unknown
Yo-kai Watch 2: Fleshy Souls,4.57,2016-09-30,RPG,Nintendo 3DS,,0,Unknown
The Legend of Zelda: The Wind Waker HD,4.57,2013-08-08,Adventure,Wii U,90,49,Unknown
Aliens: Infestation,4.57,2011-10-11,"Shooter, Platformer",Nintendo DS,,0,Unknown
planetarian HD,4.57,2017-05-08,"Adventure, Simulation, Casual",PC,,3,Singleplayer
The Enchanted Cave 2,4.57,2015-05-04,"Adventure, RPG, Indie","PC, Linux, Android, iOS, macOS",,4,Singleplayer
Sky Force 2014,4.57,2014-04-26,"Action, Arcade, Casual","Android, iOS",,0,Unknown
STRAFTAT,4.56,2024-10-24,Action,PC,,2,Multiplayer
Angry Goy,4.56,2017-01-01,Action,PC,,0,Unknown
Outer Wilds - Echoes of the Eye,4.56,2021-09-28,Adventure,"PC, Xbox One, PlayStation 4, Nintendo Switch",,0,Unknown
Hazumi and the Pregnation,4.56,2020-02-20,"RPG, Indie",PC,,4,Singleplayer
Dispatch,4.56,2025-10-22,"Action, Adventure, Strategy, Casual, Indie","PlayStation 5, PC",,0,Unknown
Kingdom Hearts II Final Mix,4.56,2007-03-29,"Action, RPG","PC, PlayStation 2, PlayStation 3, PlayStation 4",87,0,Unknown
Rush Rally 3,4.56,2019-03-27,"Simulation, Sports, Racing, Indie","PC, Android, iOS",,1,Both
StarCraft: Brood War,4.56,1998-11-30,Strategy,"PC, macOS",,0,Unknown
Online Soccer Manager (OSM),4.56,2010-11-06,"Simulation, Sports","iOS, Web, Android",,0,Unknown
Hide Online - Hunters vs Props,4.56,2018-07-28,"Action, RPG","iOS, Android",,0,Multiplayer
Metal Gear Rising: Revengeance - Jetstream Sam,4.56,2013-04-09,Action,"Xbox 360, PC, PlayStation 3",70,0,Unknown
StarCraft II: Wings of Liberty,4.56,2010-07-27,Strategy,"PC, macOS",93,13,Unknown
Warcraft 3: The Frozen Throne,4.56,2003-06-30,Strategy,"PC, macOS",88,0,Unknown
Wing Commander 2: Vengeance of the Kilrathi,4.56,1991-01-12,"Action, Simulation",PC,,0,Unknown
The Typing of the Dead,4.56,2000-01-01,"Action, Arcade, Educational","PC, PlayStation 2, Dreamcast",,0,Both
Flowers -Le volume sur printemps,4.56,2016-08-17,Casual,PC,,5,Singleplayer
Mom got stuck in the washing machine,4.55,2023-07-14,"Simulation, Casual, Indie",PC,,0,Singleplayer
Nymphomania Priestess,4.55,2019-11-28,RPG,PC,,0,Unknown
Tyl3R5,4.55,2021-08-05,,PC,,0,Unknown
A Hat in Time - Nyakuza Metro,4.55,2019-05-09,"Action, Adventure","Nintendo Switch, PC",,0,Unknown
Fragile Dreams : Farewell Ruins of the Moon,4.55,2009-01-22,"Action, RPG",Wii,,0,Unknown
Little Samson,4.55,1992-11-26,"Action, Platformer",NES,,0,Singleplayer
Lunar: Silver Star Story Complete,4.55,1996-10-25,RPG,PlayStation,,0,Singleplayer
The Legend of Zelda: Ocarina of Time 3D,4.55,2011-06-19,"Adventure, RPG, Puzzle",Nintendo 3DS,94,13,Unknown
Max Payne (RU),4.54,2001-07-23,Action,PC,,3,Unknown
Midnight Club 3: DUB Edition Remix,4.54,2006-03-13,"Racing, Arcade","PlayStation 3, PlayStation 2, Xbox",86,0,Unknown
Valkyrie Profile 2: Silmeria,4.54,2006-09-26,RPG,PlayStation 2,,0,Unknown
God of War (2018),4.54,2018-04-20,Action,"PC, PlayStation 4",94,15,Singleplayer
Heroes of Might and Magic 3: Armageddon's Blade,4.54,1999-09-30,Strategy,PC,,0,Unknown
The Orange Box,4.54,2008-01-01,Shooter,"Linux, macOS, Xbox 360, PC, PlayStation 3",94,6,Multiplayer
Dragon Quest V: Hand of the Heavenly Bride,4.54,2009-02-17,,Nintendo DS,,0,Unknown
The Last Of Us,4.54,2013-06-14,"Action, Adventure","PlayStation 3, PlayStation 4",95,15,Unknown
The Last of Us Part II Remastered,4.53,2024-01-19,"Action, Adventure","PC, PlayStation 5",,33,Singleplayer
Black Souls 2,4.53,2018-11-10,RPG,PC,,0,Unknown
The Elder Scrolls 4: Shivering Isles,4.53,2007-03-27,RPG,PC,86,0,Unknown
Heroes of Might and Magic 3: The Shadow of Death,4.53,2000-03-31,Strategy,PC,,0,Unknown
Shovel Knight: Specter of Torment,4.53,2017-03-03,"Action, Adventure, Indie, Platformer","PlayStation 4, Nintendo 3DS, PC, macOS, Linux, Nintendo Switch",,4,Singleplayer
Phoenix Wright: Ace Attorney Trilogy,4.53,2013-05-30,"Adventure, Simulation","Nintendo 3DS, Nintendo Switch, Xbox One, PlayStation 4, iOS, PC",80,5,Singleplayer
Pragmata,4.52,2026-04-17,Action,"PC, Xbox Series S/X, PlayStation 5",,0,Unknown
Shovel Knight: Shovel of Hope,4.52,2014-06-26,"Action, Adventure, Indie","macOS, Xbox One, PC, Nintendo 3DS, Wii U, PlayStation 3, PlayStation 4, PS Vita, Linux, Nintendo Switch",,1,Both
Divinity: Original Sin 2 - Definitive Edition,4.52,2018-08-31,RPG,"PlayStation 4, Nintendo Switch, macOS, PC, iOS, Xbox One",94,10,Unknown
Gran Turismo 4,4.52,2004-12-28,Racing,PlayStation 2,89,0,Unknown
Ninja Gaiden Black,4.52,2005-09-20,"Action, Adventure, Fighting","Xbox 360, Xbox One, Xbox",,0,Unknown
Shin Megami Tensei: Persona 3 FES,4.52,2007-04-19,RPG,PlayStation 2,,3,Unknown
MyVoiceZoo,4.5,2025-09-26,"Simulation, Casual, Indie",PC,,0,Singleplayer
GeoGuessr,4.5,2025-05-08,"Action, Casual",PC,,2,Multiplayer
Trails in the Sky 1st Chapter,4.5,2025-09-01,"Action, Adventure, RPG","PC, Nintendo Switch, PlayStation 5",,8,Singleplayer
Snakebird Complete,4.5,2023-12-29,"Adventure, Puzzle","macOS, PC",,0,Unknown
Beyond Good & Evil - 20th Anniversary Edition,4.5,2024-06-24,"Action, Adventure","PC, PlayStation 5, Xbox Series S/X, PlayStation 4, Nintendo Switch, Xbox One",,2,Singleplayer
Corrupting The Universe,4.5,2023-09-04,Adventure,"Linux, macOS, Android, PC",,0,Unknown
Summertime Saga,4.5,,Casual,PC,,0,Unknown
Wolf Girl With You,4.5,2016-06-10,Casual,PC,,0,Unknown
Super Deepthroat,4.5,2015-01-01,Casual,PC,,0,Unknown
Aurelia,4.5,2021-12-04,"Adventure, RPG, Indie",PC,,6,Singleplayer
Pale Carnations,4.5,2021-12-31,Casual,"Android, PC",,0,Unknown
Succubus Affection,4.5,2020-10-22,"RPG, Indie",PC,,3,Singleplayer
Elona,4.5,2007-08-31,RPG,PC,,0,Unknown
Escape Dungeon 2,4.5,2022-01-13,"RPG, Strategy, Indie","PC, macOS",,3,Singleplayer
Being a DIK: Season 1 & 2 + Acting Lessons Bundle,4.5,2021-12-09,,"PC, Linux",,0,Unknown
My Stepmom is a Futanari 2,4.5,2021-09-19,Casual,PC,,0,Singleplayer
Dream SMP: Las Nevadas Bedrock,4.5,2021-07-08,Adventure,"PC, macOS, Linux, Android",,0,Unknown
Fallout of Nevada,4.5,2015-03-15,RPG,PC,,0,Unknown
Red Falls Season 1,4.5,2021-04-15,"Adventure, RPG, Simulation, Indie","PC, macOS",,1,Singleplayer
Rocket League Sideswipe,4.5,2021-11-29,"Action, Sports, Arcade","Android, iOS",,0,Unknown
toca life world,4.5,2018-11-18,"Educational, Family","Web, iOS, Android",,0,Unknown
Quiplash 2 Interlashional: The Say Anything Party Game!,4.5,2020-04-08,"Casual, Indie","PlayStation 4, Xbox One, Linux, macOS, PC, Nintendo Switch",,1,Multiplayer
Brutal Doom,4.5,2017-01-01,Action,PC,,0,Unknown
Welcome to Elk,4.5,2020-09-16,Indie,"macOS, Xbox One, Nintendo Switch, PC",,0,Unknown
Wrapper Offline (MEGA),4.5,2020-08-18,,"PC, macOS, Linux, Android",,0,Unknown
Gacha Club Studio,4.5,2020-07-11,RPG,PC,,0,Singleplayer
love wish 2,4.5,,"RPG, Casual",PC,,4,Singleplayer
Zone of the Enders 2: The Second Runner,4.5,2003-02-13,"Action, Simulation","PlayStation 2, PlayStation 3",82,0,Unknown
The Talos Principle: Deluxe Edition,4.5,2019-12-10,Puzzle,Nintendo Switch,,0,Unknown
Monmusu Quest!,4.5,2011-01-01,"Adventure, RPG","PC, macOS, Linux, Android",,0,Unknown
Ostriv,4.5,,"Strategy, Simulation",PC,,4,Singleplayer
Blockman Go: Free Realms & Mini Games,4.5,,Arcade,Android,,0,Unknown
Rune Factory 3: A Fantasy Harvest Moon,4.5,2010-11-09,"Action, RPG",Nintendo DS,,0,Unknown
Last Window: The Secret of Cape West,4.5,2010-09-17,Adventure,Nintendo DS,,0,Unknown
Micro Mages,4.5,2019-05-01,"Action, Indie","NES, PC",,1,Both
Donkey Kong (1994),4.5,1994-06-14,"Puzzle, Platformer",Game Boy,,0,Unknown
Tactical Breach Wizards,4.5,,"Adventure, RPG, Strategy, Indie",PC,,6,Singleplayer
MegaMan Zero 4,4.5,2005-10-04,"Action, RPG, Platformer","Nintendo DS, Game Boy Advance",,0,Unknown
Granblue Fantasy,4.5,2014-03-10,RPG,"iOS, Android, Web",,0,Multiplayer
Dragon Force,4.5,1996-03-29,"RPG, Strategy",SEGA Saturn,,0,Unknown
Trainz Railroad Simulator 2019,4.5,,Simulation,"PC, macOS",,2,Both
Devil Kings,4.5,2005-07-21,Action,PlayStation 2,64,0,Unknown
Oppaimon,4.5,2018-10-29,RPG,Web,,0,Unknown
Cuphead: The Delicious Last Course,4.5,2022-06-30,Platformer,"Nintendo Switch, PC, PlayStation 4, Xbox One",89,0,Unknown
Hello Charlotte: Heaven's Gate,4.5,2018-09-27,,"PC, macOS, Android",,0,Unknown
Shining Force: Resurrection of the Dark Dragon,4.5,2004-06-08,"RPG, Strategy","Game Boy Advance, iOS",77,0,Unknown
Forgotten Hill Mementoes,4.5,2018-03-06,"Adventure, Indie, Puzzle","PC, macOS",,2,Singleplayer
Out of the Park Baseball 19,4.5,2018-03-22,"Strategy, Simulation, Sports, Indie","PC, macOS, Linux",,25,Singleplayer
Shadow of Rome,4.5,2005-02-04,Action,PlayStation 2,75,0,Unknown
Resident Evil 2,4.5,2019-01-25,"Action, Adventure","Xbox One, Nintendo Switch, PlayStation 5, PlayStation 4, PC, macOS",91,11,Unknown
Silent Bomber,4.5,1999-10-28,Action,PlayStation,,0,Both
Warsong,4.5,1991-04-26,,"Wii, PC, Genesis",,0,Singleplayer
Skitchin',4.5,1994-03-01,Action,Genesis,,0,Both
Tom and Jerry in War of the Whiskers,4.5,2002-10-22,"Action, Fighting","GameCube, Xbox, PlayStation 2",63,0,Both
Baten Kaitos: Eternal Wings and the Lost Ocean,4.5,2003-12-05,RPG,GameCube,80,0,Singleplayer
Donkey Kong Land 2,4.5,1996-09-01,,"Game Boy, Nintendo 3DS",,0,Singleplayer
Project Justice,4.5,2000-12-17,Fighting,Dreamcast,,0,Both
Sensible Soccer,4.5,1992-01-01,Sports,"SNES, Genesis, Commodore / Amiga, SEGA CD",,0,Both
Mega Man Battle Network 6,4.5,2005-11-23,"Action, RPG",Game Boy Advance,63,0,Singleplayer
Hamtaro: Ham-Ham Heartbreak,4.5,2002-05-03,Adventure,Game Boy Advance,,0,Singleplayer
Cheapshot,4.5,,Massively Multiplayer,iOS,,0,Unknown
Bring You Home,4.5,2018-02-01,"Adventure, Casual, Indie, Puzzle","PC, Linux, macOS, Android, iOS",,0,Singleplayer
Rumu,4.5,2017-12-12,"Adventure, Casual, Indie",PC,,3,Singleplayer
Freeways,4.5,2017-09-15,"Simulation, Indie, Puzzle","Android, PC, macOS, iOS",,3,Singleplayer
PetriDish.pw,4.5,2017-09-15,"Casual, Massively Multiplayer, Indie",PC,,0,Unknown
Raw Danger!,4.5,2007-06-19,"Action, Adventure",PlayStation 2,63,0,Unknown
The Secrets of Da Vinci: The Forbidden Manuscript,4.5,2006-05-01,Adventure,PC,,0,Unknown
Football Manager 2005,4.5,2004-11-04,"Strategy, Sports","PC, macOS",,0,Unknown
Ascendancy,4.5,1995-01-02,Strategy,"PC, iOS",,0,Unknown
Stunt GP,4.5,2001-01-01,"Racing, Arcade","Dreamcast, PlayStation 2, PC",,0,Both
Fury of the Furries,4.5,1993-01-01,"Action, Arcade","Commodore / Amiga, Classic Macintosh, PC",,0,Singleplayer
Seven Kingdoms,4.5,1997-01-01,Strategy,PC,,0,Unknown
Skylanders SuperChargers,4.5,2015-09-20,"Action, Adventure","Wii U, Xbox 360, iOS, Xbox One, PlayStation 3, PlayStation 4",,0,Unknown
THEATRHYTHM FINAL FANTASY CURTAIN CALL,4.5,2014-04-24,,Nintendo 3DS,,0,Unknown
Outlaws + A Handful of Missions,4.5,1997-03-30,"Action, Shooter, Adventure",PC,,1,Singleplayer
Heroes of Might and Magic 3: Complete,4.5,2000-03-31,Strategy,PC,,1,Both
G-senjou no Maou - The Devil on G-String,4.5,2015-11-05,"Adventure, Simulation, Casual",PC,,4,Singleplayer
Red Rope: Don't Fall Behind,4.5,2016-07-21,"Action, Adventure, Indie","PC, Linux, macOS",,4,Singleplayer
Pocket Kingdom,4.5,2016-12-08,"Adventure, Indie","macOS, PC, Linux",,4,Singleplayer
Racket: Nx,4.5,2017-01-31,"Action, Sports, Indie",PC,,2,Both
Gladiator Begins,4.5,2010-01-14,"Action, Fighting",PSP,59,0,Unknown
DARKSTALKERS,4.5,2011-11-29,Fighting,"PS Vita, PSP, PlayStation 3",,0,Multiplayer
Disgaea: Hour of Darkness,4.5,2013-01-15,RPG,"PlayStation 2, PlayStation 3",,0,Multiplayer
Capcom vs. SNK 2: Mark of the Millennium 2001,4.5,2013-07-16,Fighting,"PlayStation 3, PlayStation 2, Xbox, GameCube, Dreamcast",,0,Unknown
The Greedy Cave,4.5,2016-02-02,"Adventure, RPG","Android, iOS",,0,Unknown
Grand Theft Auto: San Andreas,4.5,2004-10-26,Action,"macOS, PC, iOS, Xbox, Android, PlayStation 4, PlayStation 3, PlayStation 2, Xbox 360, Xbox One",93,2,Both
Dungeon Hunter 4,4.5,2013-04-11,"Action, RPG","iOS, Android",,4,Multiplayer
Elden Ring: Shadow of the Erdtree,4.49,2024-06-21,"Action, RPG","PlayStation 5, PlayStation 4, PC, Xbox One, Xbox Series S/X",,0,Unknown
Mass Effect 2: Lair of the Shadow Broker,4.49,2010-09-07,"Action, Shooter, Adventure, RPG","PC, Xbox 360, PlayStation 3",86,0,Unknown
Command & Conquer: Generals,4.49,2003-02-11,Strategy,"PC, macOS",,1,Unknown
Portal,4.49,2007-10-09,"Action, Puzzle","macOS, PC, Android, PlayStation 3, Xbox 360, Linux, Nintendo Switch",90,4,Singleplayer
Persona 3 Portable,4.49,2009-11-01,"Adventure, RPG, Strategy","PC, PlayStation 4, Nintendo Switch, Xbox One, Xbox Series S/X, PSP",84,3,Singleplayer
BioShock: The Collection,4.49,2016-09-13,"Action, Shooter","PlayStation 4, Nintendo Switch, PC, Xbox One",83,0,Unknown
Clair Obscur: Expedition 33,4.48,2025-04-24,RPG,"PC, PlayStation 5, Xbox Series S/X",,26,Singleplayer
Silent Hill 2,4.48,2024-10-08,"Action, Adventure","Xbox Series S/X, PC, PlayStation 5",,1,Singleplayer
Gravity Defied: Trial Racing,4.48,2005-04-02,Simulation,"iOS, Android",,0,Unknown
Dark Souls: Remastered,4.48,2018-05-23,"Action, RPG","Nintendo Switch, PC, PlayStation 4, Xbox One",84,15,Both
Fallout: New Vegas - Ultimate Edition,4.48,2012-02-07,"Action, Shooter, RPG","Xbox 360, PC, PlayStation 3",,0,Unknown
Kingdom Hearts HD 2.5 ReMIX,4.48,2014-12-02,"Action, RPG",PlayStation 3,,0,Unknown
Disciples II: Rise of the Elves,4.48,2006-07-06,Strategy,PC,80,1,Both
Disciples II: Gallean's Return,4.48,2006-07-06,Strategy,PC,84,1,Both
Half-Life 2,4.48,2004-11-16,"Action, Shooter","PC, macOS, Xbox 360, Linux, Xbox, Android",96,7,Both
Uncharted 4: A Thief’s End,4.48,2016-05-10,"Action, Shooter","PlayStation 5, PlayStation 4",93,0,Unknown
Minishoot' Adventures,4.47,2024-04-02,"Action, Adventure, RPG, Casual","macOS, PC",,10,Singleplayer
Hatsune Miku: Project DIVA Mega Mix+,4.47,2022-05-26,"Action, Arcade","PC, Nintendo Switch",,5,Singleplayer
Uncharted: Legacy of Thieves Collection,4.47,2022-01-28,"Action, Adventure","PC, PlayStation 5",,7,Singleplayer
Marvel's Spider-Man Remastered,4.47,2020-11-12,"Action, Adventure, Casual","PC, PlayStation 5",,13,Singleplayer
It Takes Two,4.47,2021-03-26,"Action, Adventure, Platformer","PlayStation 5, Xbox Series S/X, PlayStation 4, PC, Nintendo Switch, Xbox One",88,10,Multiplayer
Super Bomberman 4,4.47,1996-04-26,"Action, Puzzle",SNES,,0,Unknown
FINAL FANTASY XIV: Shadowbringers,4.47,2019-07-02,"RPG, Massively Multiplayer","PC, PlayStation 4",,0,Unknown
ZONE OF THE ENDERS: The 2nd Runner - M∀RS,4.47,2018-09-04,Action,"PlayStation 4, PC",71,3,Singleplayer
Capcom vs. SNK: Millennium Fight 2000 Pro,4.47,2000-08-13,Fighting,"PlayStation, Dreamcast",,0,Unknown
Elite Dangerous: Horizons,4.47,2015-12-15,Simulation,PC,,1,Unknown
Mass Effect 3: Citadel,4.47,2013-03-05,"Action, Shooter, RPG","PC, PlayStation 3, Xbox 360",86,0,Unknown
Scratches,4.47,2006-03-08,Adventure,PC,,0,Unknown
Metal Gear Solid 2: Substance,4.47,2002-11-05,"Action, Shooter","Xbox, PC, PlayStation 2",82,1,Singleplayer
The Elder Scrolls 3: Tribunal,4.47,2002-11-06,RPG,"PC, Xbox 360, Xbox",80,0,Unknown
The Legend of Zelda: Breath of the Wild,4.47,2017-03-03,"Action, Adventure, RPG","Nintendo Switch, Wii U",97,121,Unknown
The Dishwasher: Vampire Smile,4.47,2017-05-12,"Action, Indie","PC, Linux, macOS",,3,Both
Dragon Age: Origins Awakening,4.47,2010-03-16,RPG,"PlayStation 3, PC, macOS, Xbox 360",82,1,Singleplayer
Grand Theft Auto V,4.47,2013-09-17,Action,"PlayStation 5, Xbox Series S/X, PlayStation 3, PC, PlayStation 4, Xbox 360, Xbox One",92,74,Both
METAL GEAR SOLID V: THE DEFINITIVE EXPERIENCE,4.47,2016-10-11,Action,"PlayStation 4, Xbox One, PC",,0,Multiplayer
The Great Ace Attorney Chronicles,4.46,2015-07-09,Adventure,"PC, Nintendo Switch, Android, iOS, PlayStation 4, Nintendo 3DS",,10,Singleplayer
Henry Stickmin Collection - Full Game,4.46,2020-08-29,"Action, Adventure, Strategy","PC, macOS, Linux",,0,Unknown
Summer Memories,4.46,,"Adventure, RPG",PC,,6,Singleplayer
Monster Hunter World: Iceborne,4.46,2019-09-06,"Action, RPG, Massively Multiplayer","PC, Xbox One, PlayStation 4",89,0,Unknown
Лунтик X Fan Made,4.46,2018-10-01,Platformer,PC,,0,Unknown
Harvest Moon: Friends of Mineral Town,4.46,2003-04-18,"RPG, Simulation",Game Boy Advance,81,0,Singleplayer
Fear Effect 2: Retro Helix,4.46,2001-02-21,"Action, Adventure, Puzzle",PlayStation,84,0,Singleplayer
Dark Souls III: Ashes of Ariandel,4.46,2016-10-25,"Action, RPG","PC, Xbox One, PlayStation 4",72,0,Unknown
The Last of Us: Left Behind,4.46,2014-02-14,"Action, Shooter, Adventure","PlayStation 4, PlayStation 3",88,0,Unknown
World of Warcraft: Wrath of the Lich King,4.46,2008-11-13,"RPG, Massively Multiplayer","PC, macOS",91,0,Unknown
Mighty Final Fight,4.46,1993-06-11,,"Wii U, Nintendo 3DS, Game Boy Advance, NES",,0,Singleplayer
Professor Layton and the Azran Legacy,4.46,2013-02-28,Puzzle,Nintendo 3DS,81,0,Unknown
Half-Life 2: Episode Two,4.46,2007-10-10,"Action, Shooter, Puzzle","Android, macOS, PC, Linux, Xbox 360",90,5,Both
WipEout Pure,4.46,2007-11-20,Racing,PSP,,0,Unknown
Pursuit Force: Extreme Justice,4.46,2007-05-14,"Action, Racing","PlayStation 2, PSP",73,0,Unknown
Mass Effect 2,4.46,2010-01-26,"Action, RPG","PC, Xbox One, PlayStation 3, Xbox 360",94,22,Singleplayer
The Sly Collection,4.46,2010-11-09,"Action, Adventure, Arcade","PlayStation 3, PS Vita",85,1,Unknown
Bug Princess,4.46,2011-12-15,"Action, Arcade, Casual","PC, Nintendo Switch, iOS",86,0,Singleplayer
XCOM: Enemy Within,4.46,2013-11-12,"Action, Strategy, Simulation","PC, PlayStation 3, Xbox One, Xbox 360, PS Vita, Android, iOS",86,0,Multiplayer
Split Fiction,4.45,2025-03-06,"Action, Adventure","PlayStation 5, Xbox Series S/X, PC",,6,Multiplayer
Spooky Milk Life,4.45,,"Action, Adventure, Casual, Indie","PC, macOS",,0,Singleplayer
That Level Again,4.45,2015-07-14,"Casual, Indie, Puzzle, Platformer","PC, iOS, Android",,0,Singleplayer
Grown-Up Titans ( Teen Titans),4.45,2021-01-08,,PC,,0,Singleplayer
The Citadel,4.45,2020-08-04,"Action, Casual, Indie",PC,,2,Singleplayer
Baldur's Gate III,4.45,2023-08-03,"Adventure, RPG, Strategy","macOS, PC, Xbox Series S/X, PlayStation 5",97,20,Both
Live A Live,4.45,1994-09-02,"Adventure, RPG","PC, SNES",81,4,Singleplayer
Later Alligator,4.45,2019-09-18,"Adventure, Indie","Nintendo Switch, macOS, Linux, PC",,2,Singleplayer
Hello Charlotte EP2: Requiem Aeternam Deo,4.45,2016-09-22,"Adventure, RPG, Indie, Puzzle",PC,,0,Unknown
Need For Speed: Most Wanted,4.45,2005-11-15,"Racing, Arcade","GameCube, PC, Xbox, PlayStation 2, PlayStation 3, Xbox 360, PSP",83,0,Unknown
Marvel's Spider-Man,4.45,2018-09-07,Action,"PlayStation 4, PC, PlayStation 5",87,6,Singleplayer
Super Monkey Ball,4.45,2001-01-02,,GameCube,,0,Both
FoxTail,4.45,2018-03-01,"Adventure, Indie","PC, macOS, Linux",,1,Singleplayer
Ace Combat Zero: The Belkan War,4.45,2006-03-23,Simulation,PlayStation 2,75,0,Unknown
The Incredible Machine Version 3.0,4.45,1995-01-01,Puzzle,PC,,0,Unknown
The Pink Panther Passport to Peril,4.45,1996-10-31,"Adventure, Educational",PC,,0,Unknown
Warcraft 3: Reign of Chaos,4.45,2002-07-03,Strategy,"PC, macOS",92,0,Unknown
Metroid Prime: Trilogy,4.45,2009-08-24,"Action, Adventure","Wii U, Wii",91,0,Unknown
Street Fighter II Turbo: Hyper Fighting,4.45,1992-01-01,Fighting,"Wii, Xbox 360, Wii U, SNES, Nintendo 3DS",,6,Unknown
Mario Kart 8 Deluxe,4.45,2017-04-27,Racing,Nintendo Switch,92,0,Multiplayer
Knights and Merchants: The Peasants Rebellion,4.45,2001-11-27,Strategy,PC,,1,Both
The Elder Scrolls V: Skyrim Special Edition,4.45,2016-10-27,"Action, RPG","PlayStation 4, PC, Xbox One",74,9,Singleplayer
God Hand,4.45,2006-09-14,Action,PlayStation 2,73,15,Singleplayer
Max Payne,4.45,2001-07-25,"Action, Shooter","PC, PlayStation 3, Xbox, Classic Macintosh, PlayStation 2, Xbox 360, PlayStation 4",89,2,Singleplayer
Grand Theft Auto: Vice City,4.45,2002-10-27,Action,"Android, macOS, PC, iOS, PlayStation 4, PS Vita, PlayStation 2, Xbox",94,2,Both
Pokemon Fire-Red (AceDragon1612),4.44,2021-05-03,Adventure,PC,,0,Unknown
Portal Reloaded,4.44,2021-04-19,"Action, Indie, Puzzle, Platformer",PC,,0,Unknown
Babylirious,4.44,2020-11-28,Simulation,PC,,0,Singleplayer
Cha Cha Slide,4.44,2020-04-22,Simulation,Web,,0,Unknown
Everlasting Summer: Samantha,4.44,2019-10-10,Indie,PC,,0,Unknown
Dragon Age: Origins - Ultimate Edition,4.44,2010-10-26,RPG,"PC, Xbox 360, PlayStation 3",88,6,Singleplayer
I Spy Spooky Mansion,4.44,2009-09-30,"Adventure, Casual","Wii, PC",,0,Unknown
Shadow Hearts,4.44,2001-12-12,"Adventure, RPG",PlayStation 2,73,0,Unknown
Klonoa 2: Lunatea's Veil,4.44,2001-07-24,"Action, Adventure, Platformer",PlayStation 2,91,0,Unknown
Fate/Stay Night [Realta Nua],4.44,2007-04-19,Adventure,"Android, PS Vita, PlayStation 2, PC, iOS",,0,Unknown
Downhill Domination,4.44,2003-07-22,Racing,PlayStation 2,79,0,Unknown
PIPE by BMX Streets,4.44,2018-03-15,"Simulation, Sports, Indie","macOS, PC",,6,Singleplayer
Vagrus - The Riven Realms,4.44,2021-10-05,"RPG, Strategy, Indie","PC, macOS, Linux",,3,Singleplayer
Sparkster: Rocket Knight Adventures 2,4.44,1994-02-22,Platformer,Genesis,,0,Singleplayer
The Great Giana Sisters,4.44,1987-01-01,,"iOS, Atari ST, Commodore / Amiga",,0,Both
Ultimate Mortal Kombat 3,4.44,1995-11-06,Fighting,"3DO, iOS, Xbox 360, SNES, SEGA Saturn, Genesis",62,0,Both
Mega Man Battle Network 3,4.44,2002-12-06,"Action, RPG",Game Boy Advance,77,0,Both
Hotline Miami Collection,4.44,2017-10-10,Action,"Xbox One, Nintendo Switch, PlayStation 4",,0,Unknown
Persian Nights: Sands of Wonders,4.44,2017-06-28,"Adventure, Casual, Puzzle","Nintendo Switch, PlayStation 4, Xbox One, macOS, PC, Linux, Android, iOS",,3,Singleplayer
Final Fantasy XIV: Heavensward,4.44,2015-06-26,"RPG, Massively Multiplayer","PC, PlayStation 3, PlayStation 4",86,0,Unknown
Wobbles,4.44,2004-12-30,"Arcade, Casual, Indie",PC,,0,Singleplayer
Rhythm Heaven Megamix,4.44,2016-06-15,,Nintendo 3DS,,0,Unknown
Minecraft,4.44,2009-05-10,"Action, Simulation, Arcade, Massively Multiplayer, Indie","Android, PS Vita, PlayStation 4, PlayStation 3, Xbox 360, Nintendo 3DS, Nintendo Switch, macOS, PC, iOS, Wii U, Xbox One, Linux",83,26,Multiplayer
The Legend of Heroes: Trails in the Sky the 3rd,4.44,2007-06-28,RPG,"PSP, PC",83,16,Singleplayer
Fable: The Lost Chapters,4.44,2005-09-01,"Action, Adventure, RPG","Xbox, PC, macOS",83,2,Singleplayer
The Legend of Heroes: Trails in the Sky SC,4.44,2015-10-28,RPG,"PC, PSP",80,15,Singleplayer
X-Plane 11,4.44,2017-03-30,Simulation,"macOS, PC, Linux",,6,Both
Prince of Persia Classic Trilogy HD,4.44,2010-11-19,"Action, Adventure",PlayStation 3,,1,Unknown
Persona 4 Golden,4.44,2012-11-20,RPG,"Nintendo Switch, Xbox Series S/X, PS Vita, PC, Xbox One, PlayStation 4",89,10,Singleplayer
UNCHARTED The Nathan Drake Collection,4.44,2015-10-09,"Action, Adventure",PlayStation 4,86,0,Unknown
Battleheart,4.44,2011-02-01,"RPG, Strategy","Android, iOS",,0,Unknown
SHADOWGUN,4.44,2011-09-27,"Action, Adventure, Arcade","Android, iOS",,0,Unknown
Dota,4.43,2003-12-27,"RPG, Strategy",PC,,0,Unknown
Another Code: Recollection,4.43,2024-01-19,Adventure,Nintendo Switch,,0,Unknown
Resident Evil 4 - Separate Ways,4.43,2023-09-21,"Action, Shooter, Adventure","PlayStation 5, Xbox Series S/X, PC",,0,Unknown
Hauntii,4.43,2024-05-23,"Action, Adventure, Indie","PC, Nintendo Switch, PlayStation 5, PlayStation 4, Xbox One, Xbox Series S/X",,2,Singleplayer
Bionic Bay,4.43,2025-04-16,"Action, Adventure, Racing, Casual, Indie, Platformer",PC,,2,Singleplayer
Emi - New Beginning,4.43,2022-11-08,"Action, Adventure, Simulation, Casual, Indie","macOS, PC",,2,Singleplayer
Tower of Trample,4.43,2021-01-08,RPG,PC,,0,Unknown
Paraphore,4.43,2016-01-01,"Adventure, Simulation",PC,,0,Unknown
The Demon's Stele & The Dog Princess,4.43,2021-11-09,Casual,PC,,0,Unknown
The Witch's Sexual Prison,4.43,2022-01-25,Casual,PC,,1,Singleplayer
Death Palette,4.43,2020-02-19,"Adventure, Puzzle",iOS,,0,Unknown
Catto Boi: The Quest for the Frozen Tuna,4.43,2021-09-23,"Action, Adventure, Platformer",PC,,0,Singleplayer
Lust Theory Season 1,4.43,2021-08-06,"Adventure, Simulation, Indie","PC, macOS, Linux",,5,Singleplayer
Friday Night Funkin' Mid-fight-Masses,4.43,2021-05-13,Indie,"PC, Linux, macOS, Android",,0,Unknown
friday night funkin ps4 edition,4.43,2021-02-28,,"PC, macOS, Linux",,0,Unknown
God of War: Ragnarök,4.43,2022-11-09,Action,"PC, PlayStation 4, PlayStation 5",,0,Singleplayer
sonic.exe spirits of hell,4.43,2020-08-22,,PC,,0,Unknown
Demon's Souls (2020),4.43,2020-11-12,"Action, RPG",PlayStation 5,92,0,Unknown
Samurai Pizza Cats,4.43,1991-07-19,Platformer,NES,,0,Unknown
Sisterly Lust,4.43,2020-03-01,"Adventure, Indie","Linux, macOS, PC",,28,Singleplayer
NIGHT OF THE CONSUMERS,4.43,2020-03-07,Action,PC,,0,Singleplayer
Tabou Stories,4.43,2020-01-31,"RPG, Simulation",iOS,,0,Unknown
The Sims 4: Cats & Dogs,4.43,2017-11-10,Simulation,PC,,0,Unknown
Bemuzed,4.43,2019-11-22,"Puzzle, Platformer",PC,,0,Singleplayer
Meridian 157: Chapter 1,4.43,2019-10-31,"Adventure, Indie, Puzzle","iOS, macOS, PC",,4,Singleplayer
Squid Game (itch),4.43,2019-10-07,,PC,,0,Unknown
GRANDIA HD Remaster,4.43,2019-10-15,"Adventure, RPG",PC,,9,Singleplayer
KoGaMa,4.43,2019-03-21,Adventure,"PC, Android",,0,Unknown
Strike Force Heroes,4.43,2016-05-25,"Action, RPG, Simulation, Indie","PC, iOS",,2,Both
Run Minerva Run 2: Run Harder,4.43,2019-07-26,Platformer,PC,,0,Unknown
Kindergarten 2,4.43,,"Adventure, Indie","Linux, macOS, PC, PS Vita",,7,Singleplayer
My Little Angel,4.43,,"Adventure, Casual, Indie",PC,,0,Singleplayer
Hatsune Miku: Project DIVA Extend,4.43,2011-11-10,Arcade,PSP,,0,Unknown
Road Rash 3,4.43,1995-05-15,Racing,Genesis,,0,Unknown
Haunting Ground,4.43,2005-04-21,Adventure,PlayStation 2,67,0,Unknown
Ravenfield (Beta 5),4.43,2016-07-03,Shooter,"PC, macOS, Linux",,0,Singleplayer
Onmyoji Arena,4.43,2018-08-03,"Action, Strategy","Android, iOS",,0,Unknown
The House in Fata Morgana: A Requiem for Innocence,4.43,2018-05-17,Adventure,PC,,3,Singleplayer
Psychedelica of the Black Butterfly,4.43,2018-04-27,Adventure,"PS Vita, PC",,0,Unknown
Super Robot Taisen: Original Generation 2,4.43,2005-02-03,"Action, Strategy",Game Boy Advance,,0,Singleplayer
Monster World IV (1994),4.43,1994-04-01,Platformer,"Wii, PlayStation 3, Genesis",,0,Singleplayer
Quest for Glory: So You Want to Be a Hero,4.43,1989-01-01,"Adventure, RPG","Atari ST, Commodore / Amiga, PC",,0,Singleplayer
Beetle Adventure Racing,4.43,1999-02-28,Racing,Nintendo 64,90,0,Both
Chip 'n Dale Rescue Rangers 2,4.43,1993-12-10,"Adventure, Platformer",NES,,0,Singleplayer
Texas Holdem & Omaha Poker: Pokerist,4.43,,Card,"iOS, macOS, Web, Android",,0,Unknown
DATA WING,4.43,2017-08-16,"Racing, Arcade, Casual","iOS, Android",,0,Unknown
BioShock Infinite: Burial at Sea - Episode Two,4.43,2014-03-25,"Action, Shooter","PC, PlayStation 4, PlayStation 3, Xbox 360",82,0,Unknown
Space Rangers 2: Reboot,4.43,2007-09-07,"Adventure, RPG, Strategy, Arcade",PC,,2,Unknown
Moorhuhn Kart 2,4.43,2004-04-01,"Racing, Arcade","Nintendo Switch, PC",,0,Unknown
Video Strip Poker 2,4.43,2003-11-22,Card,PC,,0,Unknown
Jurassic Park: Operation Genesis,4.43,2003-04-01,Strategy,"PC, Xbox, PlayStation 2",,8,Unknown
Monty Python & The Quest for the Holy Grail,4.43,1996-09-01,"Adventure, Arcade",PC,,0,Unknown
DX-Ball 2,4.43,1998-12-16,Arcade,PC,,0,Unknown
Sex,4.43,1994-01-01,Adventure,PC,,0,Unknown
Max Payne 2: The Fall of Max Payne,4.43,2003-10-14,"Action, Shooter","PC, Xbox, PlayStation 2",80,3,Unknown
Assassin's Creed II,4.43,2009-11-17,Action,"PlayStation 4, macOS, Xbox 360, PlayStation 3, Xbox One, PC",89,14,Unknown
Flower Sun and Rain: Murder and Mystery in Paradise,4.43,2001-05-02,Adventure,Nintendo DS,54,0,Unknown
Monster Hunter Tri,4.43,2009-04-20,Action,Wii,,0,Unknown
The Legend of Zelda: Majora's Mask 3D,4.43,2015-02-13,Adventure,Nintendo 3DS,89,29,Unknown
Ultimate Doom,4.43,1995-12-31,"Action, Shooter","Xbox One, iOS, PC, macOS, Nintendo Switch, Xbox 360, PlayStation 4, Classic Macintosh",,1,Both
Marmoset Hexels 2,4.43,2016-02-15,,"macOS, PC",,3,Unknown
Fallout: New Vegas,4.43,2010-10-19,"Action, Shooter, RPG","Xbox 360, PC, Xbox One, PlayStation 4, PlayStation 3",84,12,Singleplayer
BUZZ! Junior: Jungle Party,4.43,2006-10-20,Arcade,"PlayStation 3, PlayStation 2",,0,Unknown
EA SPORTS FIFA Street,4.43,2012-09-04,Sports,"Xbox 360, PlayStation 3",,0,Unknown
DOOM Classic Complete,4.43,2012-11-20,Shooter,PlayStation 3,,0,Unknown
Metal Gear Solid: The Legacy Collection,4.43,2013-07-09,"Action, Adventure",PlayStation 3,,0,Unknown
Mutant Fridge Mayhem - Gumball,4.43,2012-12-13,Action,iOS,,0,Unknown
Swordigo,4.43,2012-03-22,"Action, Adventure","iOS, Android",,0,Unknown
Donkey Kong Bananza,4.42,2025-07-17,Adventure,Nintendo Switch,,0,Unknown
Violated Heroine,4.42,2016-10-22,RPG,PC,,0,Unknown
Poke Abby,4.42,2021-11-12,Simulation,PC,,0,Unknown
Lichess,4.42,2010-06-20,Strategy,"PC, Android, iOS",,0,Unknown
A Space for the Unbound,4.42,2023-01-19,"Adventure, Indie","Nintendo Switch, PC",85,4,Singleplayer
HUMAN FALL FLAT!,4.42,2019-03-29,"Adventure, Simulation",iOS,,0,Unknown
Hades,4.42,2020-09-17,"Action, Adventure, RPG, Indie","PlayStation 5, Xbox Series S/X, PlayStation 4, Nintendo Switch, PC, Xbox One",93,10,Singleplayer
Mixtape,4.42,2026-05-07,Adventure,"Xbox Series S/X, PC",,0,Unknown
ANATOMY,4.42,2016-02-20,Adventure,"PC, macOS, Linux",,0,Unknown
Star Ocean: The Second Story,4.42,1998-07-30,RPG,PlayStation,80,0,Singleplayer
Secret of Mana (1993),4.42,1993-08-06,"Adventure, RPG",SNES,,0,Both
Beyond Oasis,4.42,1994-12-09,"Action, RPG",Genesis,,0,Singleplayer
Extreme-G 2,4.42,1998-10-07,Racing,"PC, Nintendo 64",,4,Both
International Superstar Soccer Deluxe,4.42,1995-09-22,Sports,"PlayStation, SNES, Genesis",,0,Both
The Last of Us Part II,4.42,2020-06-19,"Action, Shooter, Adventure","PlayStation 4, PlayStation 5",93,0,Singleplayer
Shovel Knight: King of Cards,4.42,2018-03-31,"Action, Adventure, Indie, Platformer","Wii U, Nintendo 3DS, Nintendo Switch, macOS, Linux, PC",,4,Singleplayer
Shovel Knight: Plague of Shadows,4.42,2015-09-17,Arcade,"PC, PlayStation 3, Xbox One, Wii U, macOS, Nintendo 3DS",86,0,Unknown
The Jolly Gang's Misadventures in Africa,4.42,2011-11-02,"Adventure, Casual, Indie, Puzzle",PC,,1,Singleplayer
Urban Chaos: Riot Response,4.42,2006-05-19,"Action, Shooter","Xbox, PlayStation 2",73,0,Unknown
World of Warcraft: The Burning Crusade,4.42,2007-01-16,"RPG, Massively Multiplayer","PC, macOS",91,0,Unknown
FIFA '98: Road to World Cup,4.42,1997-11-30,Sports,"Nintendo 64, PlayStation, PC, Genesis",,0,Unknown
Super Mario Odyssey,4.42,2017-10-27,"Arcade, Platformer",Nintendo Switch,97,0,Singleplayer
Dragon Quest IX: Sentinels of the Starry Skies,4.42,2009-07-11,RPG,Nintendo DS,87,16,Unknown
Harvest Moon DS,4.42,2008-04-24,,Nintendo DS,,0,Unknown
Hotel Dusk: Room 215,4.42,2007-01-22,"Adventure, Puzzle",Nintendo DS,,16,Unknown
WarioWare: Smooth Moves,4.42,2007-01-15,Casual,Wii,83,3,Unknown
Contra 4,4.42,2007-11-13,"Action, Shooter, Platformer",Nintendo DS,,1,Unknown
Advance Wars 2: Black Hole Rising,4.42,2003-06-23,Strategy,"Wii U, Game Boy Advance",,3,Both
The Binding of Isaac: Afterbirth+,4.42,2017-03-17,"Action, RPG","Nintendo Switch, PC, PlayStation 4",85,0,Unknown
Samurai Gunn,4.42,2013-12-10,Action,"macOS, PC",78,1,Both
Guild Wars Nightfall,4.42,2009-04-22,"Action, RPG, Massively Multiplayer",PC,84,0,Multiplayer
Ori and the Blind Forest: Definitive Edition,4.42,2016-04-27,"Adventure, Platformer","Xbox One, PC, Nintendo Switch, Xbox 360",88,6,Singleplayer
We Know the Devil,4.42,2016-02-15,"Adventure, Casual, Indie","PC, Web, macOS",,2,Singleplayer
The Elder Scrolls V: Skyrim,4.42,2011-11-11,"Action, RPG","PlayStation 5, PlayStation 4, PC, Xbox One, Xbox Series S/X, Nintendo Switch, Xbox 360, PlayStation 3",94,46,Singleplayer
Red Dead Redemption,4.42,2010-05-18,"Action, Shooter","PlayStation 4, PC, Xbox Series S/X, PlayStation 5, Nintendo Switch, Xbox One, Xbox 360, PlayStation 3",95,6,Both
Ratchet & Clank: Up Your Arsenal,4.42,2004-11-03,"Action, Platformer","PlayStation 3, PlayStation 2, PS Vita",91,0,Unknown
Assassin’s Creed The Ezio Collection,4.42,2016-11-15,Action,"Nintendo Switch, Xbox One, PlayStation 4",73,0,Multiplayer
Horizon Zero Dawn Remastered,4.41,2024-10-31,"Action, Shooter, Adventure, RPG","PC, PlayStation 5",,5,Singleplayer
World of Goo 2,4.41,2024-08-02,"Adventure, Casual, Indie, Puzzle","Linux, macOS, PC, Nintendo Switch",,1,Both
1000xResist,4.41,2024-05-09,"Adventure, Indie, Puzzle","PC, Nintendo Switch",,8,Singleplayer
Higurashi When They Cry Hou - Ch.8 Matsuribayashi,4.41,2020-05-13,Adventure,"PC, macOS, Linux",,16,Singleplayer
Doom RPG,4.41,2005-09-13,"Action, Shooter, RPG",,,0,Singleplayer
Captain Claw,4.41,1997-01-01,"Arcade, Platformer",PC,,0,Unknown
Gran Turismo 3: A-Spec,4.41,2001-04-28,Racing,PlayStation 2,,0,Unknown
Gacha Life,4.41,2018-10-30,"RPG, Casual","Android, iOS",,0,Multiplayer
Myst III: Exile,4.41,2001-05-07,Adventure,PC,,2,Singleplayer
Club Penguin,4.41,2005-10-24,Casual,Web,,0,Unknown
Ghost of Tsushima,4.41,2020-07-17,"Action, Adventure, RPG","PlayStation 4, PC, PlayStation 5",83,0,Singleplayer
TimeSplitters: Future Perfect,4.41,2005-03-21,Shooter,"Xbox, PlayStation 2, GameCube",84,0,Both
Metroid Prime 2: Echoes,4.41,2004-11-15,"Action, Adventure","Wii, GameCube",92,0,Both
Zen: Intergalactic Ninja,4.41,1993-01-01,"Action, Adventure, Platformer","Game Boy, NES",,0,Unknown
"Pokémon FireRed, LeafGreen",4.41,2004-01-29,"RPG, Strategy",Game Boy Advance,81,0,Both
Phoenix Wright: Ace Attorney − Justice for All,4.41,2002-10-22,Adventure,"PC, Game Boy Advance, Android, Wii, Nintendo DS, iOS",76,0,Unknown
Yakuza 6: The Song of Life,4.41,2016-04-17,"Action, Shooter, Adventure","PC, PlayStation 4, Xbox One",84,11,Singleplayer
Ever 17: Out of Infinity,4.41,2005-12-20,Adventure,PC,,0,Unknown
Devil May Cry 3: Dante's Awakening Special Edition,4.41,2006-01-24,"Action, Adventure","PlayStation 4, PlayStation 3, Xbox 360, PC, Nintendo Switch, Xbox One, PlayStation 2",76,1,Singleplayer
Age of Empires: The Rise of Rome,4.41,1998-10-31,Strategy,PC,,5,Unknown
Batman: Arkham City,4.41,2011-10-18,Action,"PC, PlayStation 3, Nintendo Switch, macOS, PlayStation 4, Xbox One, Xbox 360",94,20,Unknown
Ori and the Will of the Wisps,4.41,2020-03-10,"Action, Adventure, Platformer","Xbox One, PC, Nintendo Switch, Xbox Series S/X",91,11,Singleplayer
Muramasa: The Demon Blade,4.41,2009-09-08,"Action, Arcade",Wii,,0,Unknown
Castlevania: Dawn of Sorrow,4.41,2005-10-04,"Action, RPG, Platformer",Nintendo DS,89,3,Unknown
"Legend of Kyrandia: Hand of Fate, The (Book Two)",4.41,1993-01-01,Adventure,"macOS, PC",,0,Singleplayer
Mortal Kombat 1+2+3,4.41,1992-12-31,"Action, Arcade, Fighting","macOS, PC",,0,Both
Higurashi When They Cry Hou - Ch.2 Watanagashi,4.41,2015-11-13,Adventure,"Linux, PC, macOS",,5,Singleplayer
Sonic 3 and Knuckles,4.41,1994-10-17,Platformer,"Genesis, PC",,0,Both
Deemo,4.41,2013-11-13,Adventure,"Nintendo Switch, iOS, Android",,0,Unknown
Bloodborne,4.41,2015-03-24,"Action, RPG",PlayStation 4,92,12,Unknown
ROME: Total War,4.41,2004-09-22,"Strategy, Simulation","PC, iOS, macOS, Android",88,2,Unknown
Love You To Bits,4.41,2016-02-25,"Adventure, Arcade, Puzzle","PC, Android, iOS",,0,Unknown
Batman: Return to Arkham,4.41,2016-10-18,"Action, Adventure","PlayStation 4, Xbox One",75,0,Unknown
Super Mario Party Jamboree,4.4,2024-10-17,"Adventure, Board Games",Nintendo Switch,,0,Multiplayer
I Am Your Beast,4.4,2024-09-10,Action,PC,,5,Singleplayer
shapez,4.4,2020-06-06,Puzzle,"iOS, Android, Linux, PC",,0,Unknown
Orc Massage,4.4,,"Action, RPG, Strategy, Simulation, Sports, Casual",PC,,2,Singleplayer
Day of Dragons,4.4,,"Simulation, Indie",PC,,3,Unknown
CHRONO TRIGGER (HD),4.4,2011-12-08,RPG,"Android, iOS, PC",,3,Singleplayer
Metal Gear Solid,4.4,1998-09-03,Action,"PC, Game Boy Color, PlayStation, PlayStation 3",94,1,Singleplayer
Disney's Magical Quest,4.4,1992-11-20,"Action, Platformer","Game Boy Advance, SNES",,0,Both
Sonic Mega Collection,4.4,2002-11-10,"Action, Fighting, Puzzle, Platformer","GameCube, PlayStation 2",75,0,Both
Resident Evil 4 (2005),4.4,2005-01-11,"Action, Shooter","GameCube, Android, PC, iOS, PlayStation 4, PlayStation 2, Wii",83,5,Singleplayer
F-Zero GX,4.4,2003-07-25,Racing,GameCube,89,0,Both
Rick Dangerous,4.4,1989-01-01,,"iOS, Atari ST, Commodore / Amiga, PC",,0,Singleplayer
Shadowgate (1987),4.4,1987-07-30,Adventure,"PC, Nintendo 3DS, Atari ST, Apple II, NES, Classic Macintosh, Commodore / Amiga",,0,Singleplayer
SSX Tricky,4.4,2001-11-05,"Sports, Racing","PlayStation 2, Game Boy Advance, Xbox, GameCube",92,0,Both
Need for Speed: Underground 2,4.4,2004-11-15,"Racing, Arcade","GameCube, Xbox, Nintendo DS, PC, PlayStation 2, Game Boy Advance",82,46,Both
ISS Pro Evolution,4.4,1999-05-11,Sports,PlayStation,,0,Both
Gran Turismo 2,4.4,1999-12-11,Racing,"PlayStation, Dreamcast",93,0,Both
Butterfly Soup,4.4,2017-05-29,,"PC, macOS, Linux",,0,Unknown
LocoRoco 2,4.4,2008-11-21,"Action, Platformer",PSP,85,0,Unknown
XCOM 2: War of the Chosen,4.4,2017-08-29,Strategy,"PlayStation 4, Linux, macOS, PC, Xbox One",95,0,Both
Kingdom Hearts HD 1.5 ReMIX,4.4,2013-03-14,"Action, RPG",PlayStation 3,,0,Unknown
God of War II,4.4,2007-03-13,Action,"PlayStation 2, PS Vita, PlayStation 3",93,17,Unknown
Marvel vs. Capcom 2: New Age of Heroes,4.4,2000-11-18,"Arcade, Fighting","PlayStation 2, PlayStation 3, iOS, Xbox 360, Xbox, Dreamcast",,0,Both
God of War III,4.4,2010-03-16,Action,PlayStation 3,92,10,Unknown
Outcry,4.4,2008-05-29,Adventure,PC,63,0,Unknown
WWII Battle Tanks: T-34 vs. Tiger,4.4,2007-11-16,Simulation,PC,,0,Unknown
Cars: The Video Game,4.4,2006-06-06,"Racing, Arcade",PC,,0,Unknown
TrackMania Sunrise,4.4,2005-04-08,"Racing, Arcade",PC,,0,Unknown
Ricochet: Lost Worlds,4.4,2004-04-08,Arcade,PC,,0,Unknown
Moorhuhn Kart Extra,4.4,2003-09-15,"Racing, Arcade",PC,,0,Unknown
Silent Storm,4.4,2003-08-22,Strategy,PC,,2,Unknown
Santa Claus in Trouble,4.4,2002-12-24,Arcade,PC,,0,Unknown
Iji,4.4,2008-09-01,Arcade,PC,,0,Unknown
Pirates! Gold,4.4,1993-01-01,"Strategy, Arcade","PC, Genesis",,0,Unknown
Scorched Earth: The Mother of All Games,4.4,1991-01-01,Strategy,PC,,0,Unknown
Diablo,4.4,1996-12-31,"Action, RPG","PC, macOS, PlayStation",94,1,Both
Cleopatra,4.4,2000-07-01,Strategy,PC,77,0,Unknown
American McGee's Alice,4.4,2000-11-01,"Action, Shooter, Puzzle, Platformer","PC, Xbox 360, PlayStation 3, Classic Macintosh",85,9,Unknown
Portal: Still Alive,4.4,2008-06-23,"Action, Puzzle, Platformer","PC, Xbox One, Xbox 360",90,3,Unknown
Burnout 3: Takedown,4.4,2004-09-07,"Racing, Arcade","Xbox, PlayStation 2, Xbox 360",94,23,Multiplayer
Advance Wars,4.4,2001-09-10,Strategy,"Wii U, Game Boy Advance",,8,Both
Fire Emblem: The Blazing Blade,4.4,2003-04-25,"RPG, Strategy","Game Boy Advance, Wii U",88,36,Both
The Legend of Zelda: Link's Awakening (1993),4.4,1993-06-06,"Action, Adventure","Game Boy Color, Game Boy, Nintendo 3DS",,18,Unknown
Pandora's Tower,4.4,2013-04-16,"Action, RPG",Wii,73,0,Unknown
Jagged Alliance 2 Gold,4.4,2006-07-06,Strategy,"macOS, PC",,1,Singleplayer
Batman: Arkham City - Game of the Year Edition,4.4,2012-09-07,"Action, Adventure","PlayStation 4, Xbox 360, Xbox One, PlayStation 3, macOS, PC",91,9,Singleplayer
Prince of Persia: Warrior Within,4.4,2004-11-30,"Action, Adventure","GameCube, Xbox, PC, iOS, PlayStation 2, PlayStation 3",83,2,Singleplayer
"Spy Fox 3 ""Operation Ozone""",4.4,2001-05-01,"Adventure, Casual, Educational","Android, iOS, PC, macOS, Linux",,1,Singleplayer
Gothic II: Gold Edition,4.4,2010-01-13,"Action, RPG",PC,79,1,Singleplayer
Higurashi When They Cry Hou - Ch. 5 Meakashi,4.4,2017-04-28,Adventure,"PC, Linux, macOS",,4,Singleplayer
Hollow Knight,4.4,2017-02-23,"Action, Indie, Platformer","PlayStation 4, Linux, macOS, PC, Nintendo Switch, Xbox One",88,7,Singleplayer
Mass Effect 3,4.4,2012-03-05,"Action, RPG","PlayStation 3, Xbox One, PC, Wii U, Xbox 360",90,30,Unknown
Phineas and Ferb: Across the Second Dimension,4.4,2011-08-02,"Action, Adventure","PlayStation 3, Wii",70,0,Unknown
Batman: Arkham Asylum,4.4,2009-08-25,Action,"Nintendo Switch, macOS, PC, PlayStation 4, PlayStation 3, Xbox 360, Xbox One",91,13,Unknown
Chess,4.4,2009-06-13,"Strategy, Simulation, Sports, Board Games, Casual, Indie, Puzzle","macOS, PC, PlayStation 3, PS Vita, PSP, Android, Nintendo Switch, Linux, iOS",,1,Both
Dark Souls III,4.4,2016-04-11,"Action, RPG","Xbox One, PlayStation 4, PC",89,29,Both
Monument Valley,4.4,2014-04-03,"Adventure, Casual, Puzzle","Android, iOS, PC",89,1,Unknown
Kingdom Come: Deliverance II,4.39,2025-02-03,"Action, Adventure, RPG","PC, PlayStation 5, Xbox Series S/X",,28,Singleplayer
Ratchet & Clank: Rift Apart,4.39,2021-06-11,"Action, Adventure","PC, PlayStation 5",88,13,Singleplayer
Metro Exodus: Enhanced Edition,4.39,2021-05-06,"Action, Shooter, Adventure",PC,,0,Unknown
Resident Evil: Village,4.39,2021-05-07,"Action, Adventure","Xbox Series S/X, PC, iOS, PlayStation 5, Nintendo Switch, Xbox One, PlayStation 4",83,15,Both
Elden Ring,4.39,2022-02-25,"Action, RPG","PC, Xbox One, PlayStation 4, Xbox Series S/X, PlayStation 5",95,62,Both
SpaceEngine,4.39,2019-06-10,"Simulation, Casual, Indie",PC,,1,Singleplayer
Horizon Zero Dawn: The Frozen Wilds,4.39,2017-11-07,"Action, Adventure, RPG","PC, PlayStation 4",83,0,Singleplayer
Kunio-kun no Nekketsu Soccer League,4.39,1993-04-23,"Sports, Fighting","Atari 8-bit, NES",,0,Unknown
Kingdom Hearts,4.39,2002-03-28,"Action, RPG",PlayStation 2,85,0,Unknown
Teenage Mutant Ninja Turtles IV: Turtles in Time,4.39,1992-07-24,"Action, Arcade",SNES,,0,Both
Shining Force II: The Ancient Seal,4.39,1993-10-01,RPG,"PlayStation 3, Xbox 360, PC, Genesis, Wii",,0,Singleplayer
Contra: Hard Corps,4.39,1994-08-08,"Action, Shooter",Genesis,,0,Both
Def Jam: Fight for NY,4.39,2004-09-20,Fighting,"PSP, GameCube, PlayStation 2, Xbox",,0,Both
Battle City,4.39,1985-09-09,Action,"NES, Nintendo 3DS, Wii U, Wii, Game Boy",,20,Both
Super Mario 64,4.39,1996-06-23,Platformer,Nintendo 64,94,12,Singleplayer
F-Zero X,4.39,1998-07-14,Racing,Nintendo 64,85,0,Both
Teenage Mutant Ninja Turtles III: The Manhattan Project,4.39,1991-12-13,Action,NES,,0,Singleplayer
New Ghostbusters II,4.39,1990-12-26,Action,"NES, Game Boy",,0,Both
Battletoads & Double Dragon,4.39,1993-12-01,Fighting,"Genesis, Game Boy, NES, SNES",,0,Both
SSX 3,4.39,2003-10-21,"Sports, Racing","Xbox, PlayStation 2, Xbox One, Xbox 360, GameCube",93,0,Both
Future Cop: LAPD,4.39,1998-08-31,Shooter,"PC, PlayStation 3, PSP, PlayStation, Classic Macintosh",,0,Both
DOOM,4.39,1993-12-10,"Action, Shooter","Android, Xbox One, PC, Linux, Nintendo Switch, Xbox 360, PlayStation 3, PlayStation 4, Game Boy Advance, PlayStation, SNES, SEGA Saturn, 3DO, Jaguar, SEGA 32X",83,0,Singleplayer
Chrono Cross,4.39,1999-11-18,RPG,PlayStation,94,42,Both
"Pokémon Ruby, Sapphire, Emerald",4.39,2004-09-16,"Adventure, RPG",Game Boy Advance,76,0,Both
Dishonored Definitive Edition,4.39,2015-08-25,"Action, Adventure","Xbox One, PC, PlayStation 4",78,0,Singleplayer
Baba Is You,4.39,2019-03-13,"Indie, Puzzle","Android, Nintendo Switch, Linux, macOS, PC, iOS",86,3,Singleplayer
Guild Wars 2: Path of Fire,4.39,2017-09-22,"RPG, Massively Multiplayer","PC, macOS",,0,Unknown
The Dream Machine,4.39,2010-12-14,Adventure,"PC, macOS",,3,Unknown
Guitar Hero III: Legends of Rock,4.39,2007-10-28,Arcade,"PC, macOS, Wii, Xbox 360, PlayStation 2, PlayStation 3",82,4,Unknown
Cave Story: Doukutsu Monogatari,4.39,2004-12-20,Arcade,"macOS, Linux, Commodore / Amiga, PSP, Xbox, Game Boy Advance, Nintendo DS, Xbox One, GameCube, Dreamcast, Genesis, PC",,0,Unknown
OutRun 2006: Coast 2 Coast,4.39,2006-06-28,"Racing, Arcade","PC, Xbox, PlayStation 2, PSP",81,2,Unknown
Age of Mythology: The Titans,4.39,2003-09-30,Strategy,PC,,12,Unknown
Medieval: Total War,4.39,2002-08-30,Strategy,PC,88,1,Unknown
Age of Empires II: Age of Kings,4.39,1999-09-30,Strategy,"PC, PlayStation 2",92,0,Unknown
Freelancer,4.39,2003-02-04,"Simulation, Arcade",PC,,3,Unknown
Emperor: Battle for Dune,4.39,2001-06-12,Strategy,PC,,0,Unknown
Broken Sword 1 - The Shadow of the Templars,4.39,1996-09-30,"Adventure, Puzzle","Classic Macintosh, PlayStation, Game Boy Advance, PC",86,7,Singleplayer
Silent Hill 2 (2001),4.39,2001-09-24,"Action, Adventure","PC, Xbox, PlayStation 2",89,17,Singleplayer
Donkey Kong Country,4.39,1994-11-21,Platformer,"Wii U, Nintendo 3DS, Wii, Game Boy Advance, Game Boy Color, SNES",,6,Both
Shin Megami Tensei: Devil Summoner: Soul Hackers,4.39,1997-04-16,RPG,Nintendo 3DS,74,0,Unknown
Top Spin 4,4.39,2011-03-15,Sports,"PlayStation 3, Wii, Xbox 360",83,2,Multiplayer
Professor Layton and the Unwound Future,4.39,2010-09-12,,Nintendo DS,,0,Unknown
"Pokémon HeartGold, SoulSilver",4.39,2010-03-14,RPG,Nintendo DS,87,0,Unknown
Okami,4.39,2006-04-20,"Action, Adventure","Wii, PlayStation 2, PC",93,1,Unknown
Paper Mario (2000),4.39,2000-08-11,RPG,Nintendo 64,93,5,Unknown
Professor Layton and the Curious Village,4.39,2007-02-15,"Adventure, Puzzle","Nintendo DS, iOS, PS Vita, Android",85,7,Unknown
Pikmin 2,4.39,2004-04-29,"Strategy, Puzzle","GameCube, Nintendo Switch, Wii U, Wii",,6,Both
Golden Sun,4.39,2001-11-11,RPG,Game Boy Advance,91,90,Both
Dragon Quest VIII: Journey of the Cursed King,4.39,2004-11-27,RPG,"Nintendo 3DS, iOS, Android, PlayStation 2",84,0,Unknown
Diablo II,4.39,2000-06-29,"Action, RPG","PC, macOS",88,0,Unknown
DOOM II,4.39,1994-09-30,"Action, Shooter","Xbox One, iOS, PC, PlayStation 4, Game Boy Advance, Classic Macintosh, Android, macOS, Nintendo Switch, Xbox 360",83,1,Both
Batman: Arkham Asylum Game of the Year Edition,4.39,2010-03-26,"Action, Adventure, Platformer","PlayStation 3, PC, PlayStation 4, Xbox 360",91,8,Singleplayer
Higurashi When They Cry Hou - Ch.3 Tatarigoroshi,4.39,2016-06-17,Adventure,"PC, macOS, Linux",,5,Singleplayer
Total War: Shogun 2 - Fall of the Samurai,4.39,2012-03-22,Strategy,"PC, macOS",86,0,Both
Katana ZERO,4.39,2019-04-17,"Action, Indie, Platformer","Xbox One, Nintendo Switch, macOS, PC",83,5,Singleplayer
Dragon Age: Origins,4.39,2009-11-03,RPG,"Xbox 360, Xbox One, macOS, PlayStation 3, PC",91,7,Singleplayer
Dead Space (2008),4.39,2008-10-13,"Action, Shooter","PlayStation 3, PC, Xbox One, Xbox 360",86,3,Singleplayer
Call of Duty 4: Modern Warfare,4.39,2007-11-05,"Action, Shooter","PlayStation 4, PlayStation 3, Xbox 360, Wii, PC, Nintendo DS, Xbox One, macOS",92,6,Both
Mass Effect,4.39,2007-11-16,"Action, RPG","PC, Xbox One, Xbox 360, PlayStation 3",89,9,Singleplayer
Bully,4.39,2006-10-17,"Action, Adventure, Simulation","PlayStation 4, PlayStation 2, PlayStation 3",87,0,Unknown
The Wolf Among Us,4.39,2013-10-10,Adventure,"PS Vita, PlayStation 4, Xbox One, iOS, PC, Android, Xbox 360, macOS",82,9,Singleplayer
Stardew Valley,4.39,2016-02-25,"RPG, Simulation, Indie","Nintendo Switch, Xbox One, PC, iOS, macOS, Linux, PlayStation 4, PS Vita, Android",89,13,Both
Infinity Blade III,4.39,2013-09-18,"Action, Adventure",iOS,78,0,Unknown
Leaf it Alone,4.38,2025-10-30,"Simulation, Casual, Indie",PC,,0,Singleplayer
"One Iced Latte With Your Breast Milk, Please! ☕",4.38,2025-03-05,"Adventure, Simulation, Casual, Indie",PC,,0,Singleplayer
Cabernet,4.38,2025-02-20,"Adventure, RPG, Simulation, Indie",PC,,1,Singleplayer
The WereCleaner,4.38,2024-05-07,"Strategy, Casual, Indie",PC,,0,Singleplayer
Winter Memories,4.38,2024-01-05,"Adventure, RPG, Simulation, Casual",PC,,6,Singleplayer
The Rise of the Golden Idol,4.38,2024-11-12,"Adventure, Indie, Puzzle","macOS, PC, iOS, Android, Nintendo Switch, Xbox Series S/X, Xbox One, PlayStation 5",,11,Singleplayer
Slay the Princess,4.38,2023-10-23,"Adventure, RPG, Simulation, Indie","PlayStation 5, Xbox Series S/X, PlayStation 4, Nintendo Switch, PC, Linux, macOS, Xbox One",,4,Singleplayer
Frog Detective 3: Corruption at Cowboy County,4.38,2022-10-26,"Adventure, Casual, Indie","macOS, PC",,2,Singleplayer
Monster Prom 3: Monster Roadtrip,4.38,2022-10-21,"Strategy, Simulation, Casual, Indie","Linux, macOS, PC",,3,Both
"""Voices Of The Void"" Demo",4.38,2022-08-05,Simulation,PC,,0,Unknown
Lost in Play,4.38,2022-08-09,"Adventure, Casual, Indie","PC, Nintendo Switch",,3,Singleplayer
Fire Emblem Warriors: Three Hopes,4.38,2022-06-24,Action,Nintendo Switch,,0,Unknown
UCN for mac and windows,4.38,2022-01-31,,macOS,,0,Unknown
Siege of Avalon: Anthology,4.38,2021-04-08,"Action, RPG",PC,,1,Singleplayer
Gnosia,4.38,2021-03-04,"Adventure, RPG","PC, PS Vita, Xbox Series S/X, Xbox One, PlayStation 4, PlayStation 5, Nintendo Switch",82,4,Singleplayer
Impostor Factory,4.38,2021-09-29,"Adventure, RPG, Casual, Indie, Puzzle","Linux, macOS, PC",,4,Singleplayer
Poker Club,4.38,2020-11-19,"Strategy, Simulation, Sports, Casual, Indie","PlayStation 5, PlayStation 4, Xbox Series S/X, Nintendo Switch, Xbox One, PC",,9,Both
Fetish Locator Week One - Extended Edition,4.38,2020-07-27,"Adventure, Casual, Indie","PC, macOS, Linux",,4,Singleplayer
Inscryption,4.38,2021-10-19,"Adventure, Strategy, Indie","PlayStation 5, Linux, PC, Nintendo Switch, PlayStation 4, macOS",86,8,Singleplayer
Astrocreep: Invasion!,4.38,2020-07-17,"Action, Adventure, Puzzle",PC,,0,Unknown
M.U.G.E.N.,4.38,1999-07-27,Fighting,"Linux, macOS, PC",,0,Unknown
Ultrakill,4.38,2020-09-02,"Action, Indie","Linux, PC",,3,Singleplayer
NieR Replicant v1.22474487139...,4.38,2021-04-23,"Action, Adventure, RPG","PC, Xbox One, PlayStation 4",82,16,Singleplayer
Need for Speed: Most Wanted Black Edition,4.38,2015-08-31,Racing,"Xbox, PlayStation 2, PC",,0,Unknown
東方紅魔郷 ～ Embodiment of Scarlet Devil,4.38,2002-08-11,"Action, Indie",PC,,0,Unknown
WildCraft: Animal Sim Online 3D,4.38,,Simulation,Android,,0,Unknown
Jet Set Radio Future,4.38,2002-02-22,"Arcade, Platformer",Xbox,,0,Unknown
Hollow Knight: Silksong,4.38,2025-09-04,"Action, Adventure, Indie, Platformer","Xbox Series S/X, Xbox One, PlayStation 5, PlayStation 4, PC, Linux, macOS, Nintendo Switch",,24,Singleplayer
Ib,4.38,2012-02-07,"Adventure, Indie","PC, Nintendo Switch",,4,Singleplayer
Sayonara Wild Hearts,4.38,2019-09-19,"Action, Casual, Indie","iOS, PlayStation 4, Xbox One, Nintendo Switch, macOS, PC",85,2,Singleplayer
Kara no Shojo,4.38,2018-10-22,Adventure,PC,,1,Singleplayer
Kiss of War,4.38,2018-04-11,"Action, Strategy",iOS,,0,Unknown
FR LEGENDS,4.38,2018-09-27,"Action, Sports, Racing",iOS,,0,Unknown
Vintage Story,4.38,2016-09-01,"Action, Simulation, Indie","Linux, macOS, PC",,0,Unknown
Cube Escape: Birthday,4.38,2016-02-15,"Adventure, Puzzle","Android, iOS",,0,Unknown
Love Live! School idol festival,4.38,2013-04-16,"Adventure, Casual","Android, iOS",,0,Unknown
Time Crisis II,4.38,2001-10-01,,PlayStation 2,81,0,Unknown
Katawa Shoujo,4.38,2009-04-29,"Adventure, Casual, Indie","Linux, macOS, PC",,0,Singleplayer
Dai Gyakuten Saiban: Naruhodō Ryūnosuke no Bōken  (Ace Attorney),4.38,2015-07-09,Adventure,"Nintendo 3DS, iOS, Android",,0,Unknown
Yakuza Kiwami 2,4.38,2017-12-07,"Action, Adventure, RPG","PC, PlayStation 4, Xbox One",85,10,Singleplayer
Secret of Evermore,4.38,1995-10-01,RPG,SNES,,0,Unknown
Xenogears (1998),4.38,1998-02-11,RPG,PlayStation,84,0,Both
Tenchu: Stealth Assassins,4.38,1998-02-26,"Action, Adventure",PlayStation,87,0,Singleplayer
Tekken 3,4.38,1997-03-20,Fighting,PlayStation,96,1,Both
Spyro: Year of the Dragon,4.38,2000-10-24,"Action, Adventure, Platformer",PlayStation,91,0,Singleplayer
Top Gear 3000,4.38,1995-04-28,Racing,SNES,,0,Both
The King of Dragons,4.38,1991-08-05,"Action, Arcade",SNES,,0,Unknown
Resident Evil (2002),4.38,2002-03-22,Action,"Nintendo Switch, Xbox One, PlayStation 4, PlayStation 3, Xbox 360, PC, Wii, GameCube",88,1,Singleplayer
Bloody Roar 3,4.38,2001-03-01,Fighting,"PlayStation 2, GameCube",,5,Both
Street Fighter III: 3rd Strike,4.38,1999-05-12,Fighting,"Dreamcast, PlayStation 2",,0,Unknown
Soulcalibur,4.38,1998-07-30,"Action, Fighting","Xbox One, iOS, Xbox 360, Android, Dreamcast",98,6,Unknown
Power Stone 2,4.38,2000-08-23,Fighting,Dreamcast,87,0,Both
Panic Restaurant,4.38,1992-04-24,"Action, Platformer",NES,,0,Singleplayer
Tetris (1984),4.38,1984-06-06,Puzzle,"Atari 2600, Atari ST, NES, SNES, Commodore / Amiga, Genesis, Game Boy",,0,Both
Space Station 13,4.38,2003-02-01,"Action, RPG, Simulation",PC,,0,Multiplayer
Sekiro: Shadows Die Twice,4.38,2019-03-22,"Action, RPG","Xbox One, PC, PlayStation 4",90,16,Singleplayer
Coming Out on Top,4.38,2017-10-02,"Simulation, Casual, Indie","PC, Linux, macOS",,7,Singleplayer
Homeworld: Emergence,4.38,2000-08-11,,PC,,1,Singleplayer
Spartan: Total Warrior,4.38,2005-10-07,Action,"Xbox, GameCube, PlayStation 2",,0,Singleplayer
Final Fantasy X,4.38,2001-07-19,RPG,PlayStation 2,92,0,Unknown
Tag: The Power of Paint,4.38,2008-06-01,"Action, Puzzle",PC,,0,Singleplayer
Ratchet and Clank: A Crack in Time,4.38,2009-10-27,"Action, Arcade",PlayStation 3,87,0,Unknown
UEFA Champions League 2006-2007,4.38,2007-03-23,Sports,"PSP, PlayStation 2, Xbox 360, PC",,0,Unknown
RapeLay,4.38,2006-04-20,"Simulation, Arcade",PC,,0,Unknown
Pro Evolution Soccer 6,4.38,2006-10-27,Sports,"PC, PlayStation 2",,77,Unknown
Halo 2,4.38,2004-11-09,"Action, Shooter","PC, Xbox, Xbox One",84,8,Unknown
The Lord of the Rings: The Battle for Middle-earth 2,4.38,2006-02-28,Strategy,"Xbox 360, PC",,0,Unknown
Full Throttle,4.38,1995-04-30,Adventure,"Classic Macintosh, PC",86,0,Unknown
Beach Life (Virtual Resort: Spring Break),4.38,2002-09-06,Strategy,PC,,0,Unknown
Fire Emblem Awakening,4.38,2012-04-19,"RPG, Strategy",Nintendo 3DS,92,0,Unknown
The Legend of Zelda: The Minish Cap,4.38,2004-11-04,"Action, Adventure, RPG","Wii U, Game Boy Advance, Nintendo 3DS",,24,Singleplayer
The Legend of Zelda: Twilight Princess,4.38,2006-11-19,"Action, RPG","GameCube, Wii U, Wii",,60,Singleplayer
Picross 3D,4.38,2010-05-03,,"Wii U, Nintendo DS",,0,Unknown
Pokémon Platinum,4.38,2009-03-22,"Adventure, RPG",Nintendo DS,83,114,Unknown
Castlevania: Order of Ecclesia,4.38,2008-10-20,"Action, Adventure, RPG",Nintendo DS,85,15,Unknown
Super Mario RPG: Legend of the Seven Stars,4.38,1996-03-09,RPG,SNES,,36,Singleplayer
Metroid Prime 3: Corruption,4.38,2007-08-27,"Action, Adventure",Wii,90,11,Unknown
The Legend of Zelda: Ocarina of Time,4.38,1998-11-21,"Action, Adventure, RPG","Nintendo Switch, Nintendo 64",99,7,Singleplayer
Castlevania: Portrait of Ruin,4.38,2006-12-05,"Action, Adventure, Platformer",Nintendo DS,85,5,Unknown
Dragon Ball Z: Budokai Tenkaichi 3,4.38,2007-10-04,Fighting,"Wii, PlayStation 2",73,15,Multiplayer
"Pokémon Red, Blue, Yellow",4.38,1996-02-27,"Action, Adventure, RPG","Game Boy, Nintendo 3DS",,33,Both
Monument Valley 2,4.38,2017-05-30,"Adventure, Casual, Puzzle","Android, iOS, PC",85,2,Unknown
Dungeon Keeper 2,4.38,1999-06-30,"Action, Strategy",PC,,1,Both
Uncharted 2: Among Thieves,4.38,2009-10-13,"Action, Shooter","PlayStation 4, PlayStation 3",96,13,Unknown
StarCraft II,4.38,2010-07-27,Strategy,"PC, macOS",93,0,Unknown
Tom Clancy's Splinter Cell Chaos Theory,4.38,2005-03-21,"Action, Adventure","PC, Nintendo DS, PlayStation 3, Xbox 360, Nintendo 3DS, PlayStation 2, Xbox, GameCube, Xbox One",92,2,Both
Half-Life 2: Episode One,4.38,2006-06-01,"Action, Shooter","Android, Linux, macOS, PC, Xbox 360",87,4,Singleplayer
Ori and the Blind Forest,4.38,2015-03-10,"Adventure, Platformer","Xbox 360, Xbox One, PC",88,6,Singleplayer
Drawn: The Painted Tower,4.38,2011-01-19,"Adventure, Casual",PC,,3,Singleplayer
Half-Life,4.38,1998-11-19,"Action, Shooter","Linux, macOS, PC, Dreamcast, PlayStation 2",96,3,Both
Umineko When They Cry (Question Arc),4.38,2016-07-08,Adventure,"macOS, PC",,5,Singleplayer
Rocksmith 2014 Edition - Remastered,4.38,2016-10-04,"Simulation, Casual","PC, Xbox One, PlayStation 4, macOS",,9,Singleplayer
Divinity: Original Sin 2,4.38,2017-09-14,"RPG, Strategy","PlayStation 4, Nintendo Switch, PC, Xbox One",95,22,Both
Soccer Stars,4.38,2014-06-04,"Sports, Arcade, Casual","Android, iOS",,0,Multiplayer
Devil May Cry 3: Dante's Awakening,4.38,2005-02-17,Action,"PlayStation 2, Xbox 360, PC, PlayStation 3",78,1,Unknown
Odin Sphere,4.38,2007-05-17,RPG,"PlayStation 3, PlayStation 2",83,0,Unknown
Dead Space 2,4.38,2011-01-25,"Action, Shooter","Xbox 360, PC, Xbox One, PlayStation 3",87,5,Both
Dishonored,4.38,2012-09-25,"Action, Adventure, RPG","PlayStation 4, PlayStation 3, Xbox 360, PC, Xbox One",91,9,Singleplayer
BioShock Infinite,4.38,2013-03-26,"Action, Shooter","PlayStation 4, Xbox 360, Nintendo Switch, Linux, PC, PlayStation 3, Xbox One",94,12,Singleplayer
Katamari Damacy,4.38,2004-03-18,"Action, Arcade","PlayStation 3, PlayStation 2",86,0,Unknown
Hotline Miami,4.38,2012-10-22,"Action, Shooter, Arcade, Indie","Linux, Nintendo Switch, Xbox One, PlayStation 4, PS Vita, PC",85,5,Singleplayer
Metal Gear Solid 4: Guns of the Patriots,4.38,2008-06-12,"Action, Shooter",PlayStation 3,94,20,Unknown
The Misadventures of Tron Bonne,4.38,1999-07-22,"Action, Adventure",PlayStation,,0,Singleplayer
DOOM (2016),4.38,2016-05-12,"Action, Shooter","PC, PlayStation 4, Nintendo Switch, Xbox One",85,10,Both
Cytus,4.38,2012-01-12,"Arcade, Casual","Android, iOS",,0,Unknown
INSIDE,4.38,2016-06-28,"Action, Adventure, Indie, Puzzle, Platformer","Nintendo Switch, PC, iOS, macOS, Xbox One, PlayStation 4",87,4,Singleplayer
Zero Escape: The Nonary Games,4.38,2017-03-24,Adventure,"PS Vita, PC, Xbox One, PlayStation 4",86,6,Singleplayer
What Remains of Edith Finch,4.38,2017-04-23,"Adventure, Indie","Xbox One, iOS, PC, Nintendo Switch, PlayStation 4",89,3,Singleplayer
Astro Bot,4.37,2024-09-06,"Action, Platformer",PlayStation 5,,0,Unknown
Persona 3 Reload,4.37,2024-02-01,"Action, Adventure, RPG, Strategy","PC, PlayStation 5, Xbox Series S/X, PlayStation 4, Xbox One",,29,Singleplayer
"Warhammer 40,000: Rogue Trader",4.37,2023-12-06,"Adventure, RPG, Strategy, Indie","PC, macOS",,9,Both
Cocoon,4.37,2023-09-29,"Adventure, Indie, Puzzle","PC, PlayStation 4, Nintendo Switch, Xbox Series S/X, Xbox One",,5,Singleplayer
Max Payne 2 (RU),4.37,2008-01-04,Action,PC,,5,Unknown
Naruto: Kunoichi Trainer,4.37,2021-11-13,"Simulation, Casual","Android, Linux, macOS, iOS, PC",,0,Unknown
Metroid Dread,4.37,2021-10-08,"Action, RPG, Platformer",Nintendo Switch,,0,Unknown
Shadow Tactics: Blades of the Shogun - Aiko's Choice,4.37,2021-12-05,Strategy,PC,,4,Unknown
Just Fights & Beats,4.37,2020-09-06,,"PC, macOS, Linux",,0,Singleplayer
Super Mario 3D World + Bowser’s Fury,4.37,2021-02-12,"Action, Platformer",Nintendo Switch,89,0,Both
Mass Effect 3 N7 Digital Deluxe Edition,4.37,2020-06-11,"Action, RPG, Strategy",PC,,1,Both
Pokémon Yellow Version: Special Pikachu Edition,4.37,1998-09-12,RPG,"Nintendo 3DS, Game Boy, Game Boy Color",,0,Unknown
Little Nightmares II,4.37,2021-02-10,"Action, Adventure, Platformer","PlayStation 5, Xbox Series S/X, PlayStation 4, Nintendo Switch, PC, Xbox One",82,6,Singleplayer
The Walking Dead: The Telltale Definitive Series,4.37,2019-09-10,Adventure,"PC, Xbox One, PlayStation 4",84,4,Singleplayer
The Legend of Zelda: Tears of the Kingdom,4.37,2023-05-12,"Action, Adventure",Nintendo Switch,96,0,Singleplayer
The Legend of Zelda: Link's Awakening (2019),4.37,2019-09-20,"Action, Adventure, RPG",Nintendo Switch,87,0,Singleplayer
Dragon Ball Z: Budokai 3,4.37,2004-11-16,Fighting,PlayStation 2,,0,Unknown
The Stanley Parable: Ultra Deluxe,4.37,2022-04-27,"Adventure, Casual, Indie","Xbox Series S/X, PlayStation 4, Nintendo Switch, Linux, macOS, PC, PlayStation 5, Xbox One",90,4,Singleplayer
Disco Elysium,4.37,2019-10-14,"Adventure, RPG, Indie","PC, macOS, Xbox One, Nintendo Switch, PlayStation 4, Xbox Series S/X, PlayStation 5",91,6,Singleplayer
Final Fantasy VII,4.37,2020-04-10,"Action, Adventure, RPG","PC, PlayStation 5, PlayStation 4",87,0,Singleplayer
Castlevania Requiem: Symphony of the Night & Rondo of Blood,4.37,2018-10-26,Action,PlayStation 4,74,0,Unknown
Hypnospace Outlaw,4.37,2015-12-21,Simulation,"Nintendo Switch, macOS, Xbox One, PlayStation 4, Linux, PC",,3,Singleplayer
Super Smash Bros. Ultimate,4.37,2018-12-07,Fighting,Nintendo Switch,93,0,Multiplayer
Xenoblade Chronicles 2: Torna ~ The Golden Country,4.37,2018-09-14,RPG,Nintendo Switch,,0,Unknown
DOOM Eternal,4.37,2020-03-19,"Action, Shooter","PC, PlayStation 4, Xbox One, Nintendo Switch, PlayStation 5",86,12,Both
Forza Horizon 4,4.37,2018-10-02,"Racing, Arcade","PC, Xbox One, Xbox Series S/X",90,13,Both
Oddmar,4.37,2018-04-19,"Action, Adventure, Platformer","Android, iOS, Nintendo Switch",,0,Unknown
Mafia II: Director’s Cut,4.37,2011-12-01,"Action, Adventure","PC, macOS, Xbox 360, PlayStation 3",,21,Unknown
Tony Hawk's Pro Skater,4.37,1999-08-31,Sports,"PlayStation, Game Boy Color, Nintendo 64, Dreamcast",92,0,Both
Tenchu 2: Birth of the Stealth Assassins,4.37,2000-08-07,"Action, Adventure",PlayStation,77,0,Singleplayer
Super Mario All-Stars (1993),4.37,1993-07-14,Platformer,"Nintendo Switch, Wii, SNES",,0,Both
Sonic the Hedgehog 3 (1994),4.37,1994-02-02,Arcade,"Wii, Genesis, Xbox 360, PC, GameCube",,3,Both
Metal Gear Solid: The Twin Snakes,4.37,2004-03-09,"Action, Adventure",GameCube,85,0,Singleplayer
Kirby Air Ride,4.37,2003-07-11,Racing,GameCube,,0,Both
Beyond Good & Evil,4.37,2003-11-11,"Action, Adventure","GameCube, Xbox, PlayStation 2, PC",84,1,Singleplayer
GoldenEye 007 (1997),4.37,1997-08-23,Shooter,Nintendo 64,96,0,Both
Rock n' Roll Racing,4.37,1993-06-04,Racing,"PC, Game Boy Advance, PlayStation, SNES, Genesis",,0,Both
Castlevania: Aria of Sorrow,4.37,2003-05-06,"Action, Platformer","Game Boy Advance, Wii U",91,0,Singleplayer
The Legend of Dragoon,4.37,1999-12-02,RPG,PlayStation,74,1,Singleplayer
Final Fantasy Tactics,4.37,1997-06-28,"Adventure, RPG, Simulation","PlayStation, Android, iOS",83,0,Both
Final Fantasy VII (1997),4.37,1997-01-31,"Action, Adventure, RPG","PC, iOS, Android, Nintendo Switch, PlayStation, PlayStation 4, Xbox One",83,3,Singleplayer
Breath of Fire III (1997),4.37,1997-09-11,RPG,PlayStation,,0,Singleplayer
The Room 4: Old Sins,4.37,2018-01-25,"Adventure, Puzzle","Android, iOS, PC",86,5,Singleplayer
Hatsune Miku: Project DIVA ƒ 2nd,4.37,2014-03-27,Arcade,"PlayStation 3, PS Vita",,0,Unknown
Command & Conquer: Generals - Zero Hour,4.37,2003-09-22,Strategy,"macOS, PC",83,0,Unknown
StarCraft,4.37,1998-03-31,Action,"Nintendo 64, PC, macOS",88,1,Both
Unreal Tournament,4.37,1999-11-22,"Action, Shooter","Linux, PlayStation 2, Classic Macintosh, Dreamcast, PC",92,2,Both
Looney Tunes: Sheep Raider,4.37,2001-01-01,"Arcade, Puzzle, Platformer","PlayStation, PC",72,0,Singleplayer
Gunman Chronicles,4.37,2000-11-20,"Action, Shooter",PC,65,0,Both
Baldur's Gate,4.37,1998-12-21,"RPG, Strategy","iOS, PC, macOS",91,76,Multiplayer
The Neverhood,4.37,1996-10-31,"Adventure, Puzzle","PlayStation, PC",,0,Unknown
Dune II: Battle For Arrakis,4.37,1992-12-01,Strategy,"PC, Commodore / Amiga, Genesis",,0,Singleplayer
Command & Conquer: Tiberian Sun,4.37,1999-08-27,Strategy,PC,,1,Unknown
MechWarrior 4: Mercenaries,4.37,2002-11-01,Simulation,PC,,48,Unknown
Forza Horizon,4.37,2012-10-23,"Racing, Arcade",Xbox 360,85,13,Both
Halo 3,4.37,2007-09-25,Shooter,"PC, Xbox 360, Xbox One",91,2,Unknown
Cuphead,4.37,2017-09-29,"Action, Indie, Platformer","PlayStation 4, Nintendo Switch, Xbox One, macOS, PC",87,6,Singleplayer
The Legend of Zelda: A Link Between Worlds,4.37,2013-11-22,Adventure,Nintendo 3DS,91,26,Unknown
"Pokémon Gold, Silver",4.37,1999-11-21,RPG,"Nintendo 3DS, Game Boy, Game Boy Color",,900,Both
Metroid Fusion,4.37,2002-11-17,"Action, Platformer",Game Boy Advance,92,14,Singleplayer
Metal Gear Solid Snake Eater 3D,4.37,2012-02-21,,Nintendo 3DS,,0,Unknown
Punch-Out!!,4.37,2009-05-18,,"Wii, Wii U",,2,Unknown
Kirby Super Star Ultra,4.37,2008-09-22,Action,Nintendo DS,76,0,Unknown
Super Mario Bros. 3,4.37,1988-10-23,"Action, Adventure, Platformer","NES, Game Boy Color, Wii U, Nintendo 3DS, Wii, SNES, Nintendo Switch",,25,Both
Xenoblade Chronicles,4.37,2010-06-10,"Action, RPG","Nintendo 3DS, Wii",89,14,Unknown
SUPERHOT VR,4.37,2017-05-25,"Action, Shooter, Simulation, Indie","PlayStation 4, PC",85,2,Singleplayer
F.E.A.R. Platinum,4.37,2005-10-16,Shooter,PC,,3,Both
Celeste,4.37,2018-01-25,"Indie, Platformer","Xbox One, PC, macOS, Nintendo Switch, PlayStation 4, Linux",91,6,Singleplayer
The House in Fata Morgana,4.37,2016-05-13,Adventure,"PC, Nintendo Switch, PS Vita",,5,Singleplayer
The Stanley Parable,4.37,2013-10-17,"Adventure, Indie","PC, macOS, Linux",88,3,Singleplayer
Dark Souls: Prepare To Die Edition,4.37,2012-08-23,"Action, RPG","Xbox 360, PlayStation 3, PC",85,14,Both
The Elder Scrolls III: Morrowind,4.37,2002-05-01,RPG,"Xbox 360, Xbox, PC",89,2,Singleplayer
VA-11 Hall-A: Cyberpunk Bartender Action,4.37,2016-06-21,"Adventure, Simulation","Nintendo Switch, PC, macOS, Linux, PlayStation 4, PS Vita",81,5,Singleplayer
Space Rangers HD: A War Apart,4.37,2013-03-15,"Adventure, RPG, Strategy, Simulation",PC,68,5,Singleplayer
Planescape: Torment: Enhanced Edition,4.37,2017-04-11,"Adventure, RPG, Strategy","Xbox One, Nintendo Switch, PC, PlayStation 4, Android, iOS, macOS, Linux",85,4,Singleplayer
NieR:Automata,4.37,2017-03-17,"Action, RPG","PlayStation 4, Nintendo Switch, PC, Xbox One",86,13,Singleplayer
Uncharted 3: Drake's Deception,4.37,2011-11-01,Action,"PlayStation 4, PlayStation 3",92,12,Unknown
Command & Conquer: Red Alert,4.37,1996-10-31,Strategy,"PlayStation, PC, PlayStation 3, PSP",81,47,Both
Parasite Eve,4.37,1998-03-15,RPG,PlayStation,81,12,Singleplayer
Sly 2: Band of Thieves,4.37,2004-09-14,"Action, Adventure, Platformer","PlayStation 2, PlayStation 5, PlayStation 3, PS Vita",88,0,Unknown
Deus Ex: Human Revolution,4.37,2011-08-22,"Action, RPG","PlayStation 3, Xbox One, PC, macOS, Xbox 360",89,17,Unknown
Ratchet & Clank: Going Commando,4.37,2003-11-11,"Action, Shooter, RPG, Platformer","PS Vita, PlayStation 2, PlayStation 3",90,0,Unknown
Hogs of War,4.37,2000-06-07,"Action, Strategy","PlayStation, PC",,1,Both
"Papers, Please",4.37,2013-08-08,"Simulation, Educational, Indie, Puzzle","Linux, macOS, PC, iOS, Android, PS Vita",85,4,Singleplayer
Forza Horizon 3,4.37,2016-09-27,"Racing, Arcade","PC, Xbox One",88,0,Both
Until Then,4.36,2024-06-25,"Adventure, Casual, Indie","Linux, PC, PlayStation 5",,3,Singleplayer
Shogun Showdown,4.36,2023-06-27,"RPG, Strategy, Indie","Linux, macOS, PC",,3,Singleplayer
Ghost Trick : Detective Phantom (remastered),4.36,2023-06-30,Adventure,"Nintendo Switch, PC, PlayStation 4, Xbox Series S/X, Xbox One",,0,Unknown
Metroid Prime Remastered,4.36,2023-02-08,"Action, Shooter, Adventure, Platformer",Nintendo Switch,,0,Unknown
Nine Sols,4.36,2024-05-29,"Action, Adventure, Indie, Platformer","Xbox Series S/X, Xbox One, PlayStation 4, PlayStation 5, Nintendo Switch, macOS, PC",,4,Singleplayer
Hades II,4.36,2025-09-25,"Action, Adventure, RPG, Indie","Xbox Series S/X, PC, Nintendo Switch",,8,Singleplayer
Chants of Sennaar,4.36,2023-09-04,"Adventure, Indie, Puzzle","PC, Xbox One, PlayStation 4, Nintendo Switch",,9,Singleplayer
FINAL FANTASY XIV: Endwalker,4.36,2021-12-07,"RPG, Massively Multiplayer","PC, PlayStation 4, PlayStation 5",,0,Unknown
Marvel's Spider-Man 2,4.36,2023-10-20,"Action, Adventure","PC, PlayStation 5",,26,Both
Judgment,4.36,2018-12-13,"Action, Adventure","PC, Xbox Series S/X, PlayStation 5, PlayStation 4",82,9,Singleplayer
The Punisher (1993 video game),4.36,1993-04-22,Fighting,Genesis,,0,Unknown
Sim City 2000,4.36,1993-01-01,"Strategy, Simulation",PC,,0,Unknown
Astro's Playroom,4.36,2020-11-12,"Action, Platformer",PlayStation 5,83,0,Unknown
Signalis,4.36,2022-10-27,"Action, Adventure, Indie","Xbox Series S/X, PlayStation 4, PC, Nintendo Switch, Xbox One",82,3,Singleplayer
The Lost World: Jurassic Park (1997),4.36,1997-09-16,Action,"Genesis, Game Gear",,0,Unknown
Tales From Off-Peak City Vol. 1,4.36,,Adventure,PC,,2,Singleplayer
Psychonauts 2,4.36,2021-08-24,"Action, Adventure, Platformer","PlayStation 4, Xbox One, Xbox Series S/X, macOS, PC, Linux",88,11,Singleplayer
Shadow Hearts: Covenant,4.36,2004-02-19,"Adventure, RPG",PlayStation 2,85,0,Unknown
OMORI,4.36,2020-12-25,"RPG, Casual, Indie","Nintendo Switch, macOS, PC, Xbox Series S/X",,6,Singleplayer
Ninja Gaiden (2004),4.36,2004-03-02,Action,"Nintendo Switch, Xbox",91,0,Unknown
Dan The Man,4.36,2016-10-05,"Action, Arcade, Casual","Android, iOS",,0,Unknown
Suikoden V,4.36,2006-03-21,RPG,PlayStation 2,76,0,Unknown
PICROSS S2,4.36,2018-08-02,Puzzle,Nintendo Switch,73,0,Unknown
Tetris Effect,4.36,2018-11-09,Puzzle,"PlayStation 4, PC",90,0,Unknown
Outer Wilds,4.36,2019-05-29,"Adventure, Indie, Puzzle","PlayStation 4, Nintendo Switch, Xbox One, PC",84,4,Unknown
WWF SmackDown! 2: Know Your Role,4.36,2000-11-21,"Sports, Fighting",PlayStation,,0,Both
Warcraft II: Tides of Darkness,4.36,1995-12-09,Strategy,"PC, PlayStation, Classic Macintosh",,0,Both
Vandal Hearts,4.36,1996-10-25,,"PC, PlayStation, SEGA Saturn",,0,Singleplayer
Wild Guns (1994),4.36,1994-08-12,,"Wii U, Wii, SNES",,0,Both
Ayrton Senna's Super Monaco GP II,4.36,1992-07-16,Racing,"SEGA Master System, Game Gear, Genesis",,0,Singleplayer
Sunset Riders,4.36,1991-09-04,"Action, Shooter, Platformer","Nintendo Switch, PlayStation 4, Genesis, SNES",,0,Singleplayer
Viewtiful Joe 2,4.36,2004-11-18,Action,"GameCube, PlayStation 2",,0,Singleplayer
Super Monkey Ball 2,4.36,2002-08-25,,GameCube,,0,Both
Super Smash Bros. Melee,4.36,2001-11-21,"Action, Fighting",GameCube,92,0,Both
Mario Kart: Double Dash,4.36,2003-11-07,Racing,GameCube,87,0,Both
Fire Emblem: Path of Radiance,4.36,2005-04-20,"RPG, Strategy",GameCube,85,0,Singleplayer
The Flintstones: Surprise at Dinosaur Peak,4.36,1994-02-24,"Action, Platformer",NES,,0,Singleplayer
Disney's DuckTales 2,4.36,1993-04-23,,"Game Boy, NES",,0,Singleplayer
Contra Force,4.36,1992-09-30,"Action, Shooter, Platformer",NES,,0,Both
Silent Hill,4.36,1999-01-31,Action,PlayStation,86,23,Singleplayer
Phoenix Wright: Ace Attorney,4.36,2001-10-12,Adventure,"iOS, PC, Nintendo 3DS, Nintendo DS, Wii, Android, Game Boy Advance",80,13,Unknown
Donkey Kong Country 2: Diddy's Kong Quest,4.36,1995-11-20,Platformer,"Nintendo 3DS, Game Boy Advance, Wii U, SNES, Wii",,10,Both
Incredible Crisis,4.36,1999-06-24,Action,PlayStation,80,0,Singleplayer
Crash Team Racing,4.36,1999-09-30,"Action, Racing","PlayStation 3, PSP, PlayStation",88,0,Both
Civilization II,4.36,1996-02-29,,PlayStation,,0,Both
Metal Gear Solid 3: Snake Eater,4.36,2004-11-17,Action,"Xbox 360, Nintendo 3DS, PlayStation 2, PlayStation 3, PS Vita",84,0,Unknown
Barbie as Rapunzel: A Creative Adventure,4.36,2002-11-15,Puzzle,PC,,0,Unknown
Tony Hawk's Underground 2,4.36,2004-10-04,"Sports, Arcade","PlayStation 2, GameCube, Xbox, PSP, PC, Game Boy Advance",84,0,Both
"Warhammer 40,000: Dawn of War",4.36,2004-09-20,Strategy,PC,,2,Unknown
The Lord of the Rings: The Battle for Middle-earth,4.36,2004-12-06,Strategy,PC,,1,Unknown
Silent Hill 3,4.36,2003-05-23,"Action, Adventure","PC, PlayStation 2",78,1,Singleplayer
RollerCoaster Tycoon 2,4.36,2002-10-18,Strategy,PC,,1,Unknown
The Sims: Unleashed,4.36,2002-09-25,Strategy,PC,,0,Unknown
Stronghold,4.36,2001-10-19,Strategy,PC,81,0,Unknown
Broken Sword 2 - The Smoking Mirror,4.36,1997-10-31,Adventure,"PlayStation, PC",69,0,Unknown
Mafia: The City of Lost Heaven,4.36,2002-08-28,Action,"PlayStation 2, PC, Xbox",88,2,Singleplayer
Severance: Blade of Darkness,4.36,2001-02-22,Action,PC,,1,Unknown
"The Settlers 2: Veni, Vidi, Vici",4.36,1996-01-01,Strategy,"Nintendo DS, PC",,0,Unknown
Deus Ex,4.36,2000-06-26,"Action, Shooter, RPG","PC, macOS, PlayStation 2, PlayStation 3",90,2,Unknown
Command & Conquer: Red Alert 2,4.36,2000-10-26,Strategy,PC,84,1,Unknown
Grim Fandango,4.36,1998-10-14,Adventure,PC,94,1,Unknown
God of War I,4.36,2005-03-22,Action,"PS Vita, PlayStation 2, PlayStation 3",94,11,Unknown
Slay the Spire,4.36,2019-01-22,"RPG, Strategy, Card, Indie","Xbox One, iOS, PC, macOS, Linux, Nintendo Switch, PlayStation 4, Android",86,12,Singleplayer
Mario Kart 8,4.36,2014-05-29,Racing,Wii U,88,13,Multiplayer
Super Mario 3D World,4.36,2013-11-21,"Action, Platformer","Nintendo Switch, Wii U",93,58,Unknown
Animal Crossing: New Leaf,4.36,2012-11-08,"Simulation, Casual, Family",Nintendo 3DS,88,37,Unknown
Donkey Kong Country 3: Dixie Kong's Double Trouble,4.36,1996-11-23,Platformer,"Nintendo 3DS, SNES, Game Boy Advance, Wii U",,3,Unknown
Elite Beat Agents,4.36,2006-11-06,Action,Nintendo DS,87,37,Unknown
Super Mario World,4.36,1990-11-21,"Arcade, Platformer",SNES,92,6,Both
Donkey Kong Country Returns,4.36,2010-11-21,Platformer,"Wii, Wii U",85,10,Unknown
F-Zero X (Wii U),4.36,2007-06-25,"Action, Racing",Wii U,,2,Unknown
Bayonetta 2,4.36,2014-09-20,Action,"Wii U, Nintendo Switch",92,0,Unknown
The Walking Dead: Season 1,4.36,2012-04-23,"Action, Adventure","Android, PS Vita, macOS, PC, iOS, PlayStation 4, PlayStation 3, Xbox 360, Nintendo Switch, Xbox One",92,8,Singleplayer
The Beginner's Guide,4.36,2015-10-01,"Adventure, Indie","macOS, Linux, PC",,2,Singleplayer
Vampire: The Masquerade - Bloodlines,4.36,2004-11-15,"Action, RPG",PC,80,2,Singleplayer
Gothic,4.36,2001-03-15,"Action, RPG","PC, Nintendo Switch",81,1,Singleplayer
Pixel Survival - Craft Game,4.36,2016-01-14,"Action, Adventure, Simulation, Casual, Massively Multiplayer, Indie","Linux, macOS, PC",,1,Both
RimWorld,4.36,2016-07-15,"Strategy, Simulation, Indie","macOS, PC, Linux",87,19,Singleplayer
Factorio,4.36,2020-08-14,"Strategy, Simulation, Casual, Indie","Linux, macOS, PC, Nintendo Switch",83,20,Both
GameMaker Studio 2 Desktop,4.36,2017-03-08,Educational,PC,,11,Unknown
Paws: A Shelter 2 Game,4.36,2016-03-23,"Adventure, Simulation, Casual, Indie, Platformer","macOS, PC, Linux",,2,Singleplayer
Castle Crashers Remastered,4.36,2015-09-09,,"Xbox One, PlayStation 4, Nintendo Switch",,0,Multiplayer
Kingdom Hearts Birth by Sleep,4.36,2010-01-09,"Action, RPG","PlayStation 3, PlayStation 4, PSP",82,0,Unknown
BioShock,4.36,2007-08-21,"Action, Shooter","PlayStation 3, macOS, PC, Xbox 360",96,3,Singleplayer
Danganronpa 2: Goodbye Despair,4.36,2012-07-26,"Adventure, Casual","PS Vita, PSP, iOS, PC, macOS, Linux, PlayStation 4",84,27,Singleplayer
Tomba! 2: The Evil Swine Return,4.36,1999-10-28,"Action, Platformer",PlayStation,,0,Singleplayer
BADLAND 2,4.36,2015-12-17,"Action, Adventure","iOS, Android",91,0,Multiplayer
Valiant Hearts: The Great War,4.36,2014-06-24,"Adventure, Puzzle","PlayStation 3, Xbox 360, Nintendo Switch, PC, iOS, Android, Xbox One, PlayStation 4",80,6,Singleplayer
Mount & Blade: Warband,4.36,2010-03-30,"Action, RPG, Strategy","PlayStation 4, Linux, macOS, Android, PC, Xbox One",78,10,Both
FINAL FANTASY VI,4.36,1994-04-02,RPG,"SNES, Android, PC, iOS, Game Boy Advance",92,4,Both
Yakuza 0,4.36,2015-03-12,"Action, RPG","PC, PlayStation 4, PlayStation 3, Xbox One",85,8,Both
Doom: The Dark Ages,4.35,2025-05-15,Action,"PC, PlayStation 5, Xbox Series S/X",,16,Singleplayer
Unicorn Overlord,4.35,2024-03-08,"RPG, Strategy","Xbox Series S/X, PlayStation 5, PlayStation 4, Nintendo Switch",,0,Unknown
Super Mario Bros. Wonder,4.35,2023-10-20,Adventure,Nintendo Switch,,0,Unknown
The Alters,4.35,2025-06-13,Adventure,"PC, Xbox Series S/X, PlayStation 5",,7,Singleplayer
Labyrinth of Estras,4.35,2021-09-11,RPG,PC,,0,Unknown
Karryn's Prison,4.35,2021-12-15,"RPG, Strategy, Simulation",PC,,23,Singleplayer
Deltarune (itch),4.35,2018-10-30,"Adventure, RPG","macOS, Nintendo Switch, PlayStation 4, PC",81,0,Singleplayer
The Legend of Heroes: Trails from Zero,4.35,2022-09-27,RPG,"PC, Nintendo Switch, PlayStation 4",,51,Singleplayer
Merchant Master,4.35,2021-05-19,"RPG, Strategy, Simulation, Casual","PC, iOS",,0,Singleplayer
Lost Judgment,4.35,2021-09-24,"Action, Adventure","PC, Xbox Series S/X, Xbox One, PlayStation 5, PlayStation 4",,12,Singleplayer
FINAL FANTASY VII REMAKE INTERGRADE,4.35,2021-06-10,"Action, Adventure, RPG","PC, PlayStation 5",,7,Singleplayer
Before Your Eyes,4.35,2021-04-07,"Adventure, Indie","PC, macOS",,2,Singleplayer
We Were Here Forever,4.35,2022-05-10,"Adventure, Casual, Indie, Puzzle","PC, PlayStation 4, Xbox One",,9,Multiplayer
Neon White,4.35,2022-06-16,"Action, Shooter, Adventure, Indie","Nintendo Switch, PC, PlayStation 5, PlayStation 4",88,7,Singleplayer
Splatoon 3,4.35,2022-09-09,"Action, Shooter",Nintendo Switch,83,0,Unknown
The Legend of Zelda: Skyward Sword HD,4.35,2021-07-16,"Action, Adventure",Nintendo Switch,81,0,Unknown
BLACKSOULS,4.35,2017-07-30,"Adventure, RPG, Indie",PC,,0,Unknown
Proud Father,4.35,2020-07-28,,"PC, macOS",,0,Unknown
Silent Hill P. T.,4.35,2020-03-27,,PC,,0,Unknown
Half-Life: Alyx,4.35,2020-03-23,"Action, Shooter, Adventure",PC,93,5,Singleplayer
Yakuza: Like a Dragon,4.35,2020-01-16,"Action, Adventure, RPG","PC, PlayStation 4, Xbox One, Xbox Series S/X, PlayStation 5",85,17,Singleplayer
Bed Wars,4.35,2019-01-03,"Adventure, Casual","iOS, Android",,0,Unknown
Drawaria.online,4.35,2019-06-29,,Web,,0,Multiplayer
A Short Hike,4.35,2019-07-29,"Adventure, Indie","Nintendo Switch, Linux, macOS, PC, PlayStation 4",84,2,Singleplayer
Fire Emblem: Three Houses,4.35,2019-07-26,"RPG, Strategy",Nintendo Switch,89,0,Unknown
Katamari Damacy REROLL,4.35,2018-12-06,"Action, Casual, Puzzle","PC, PlayStation 4, Xbox One, Nintendo Switch",81,2,Singleplayer
Ape Escape 3,4.35,2006-01-17,"Action, Platformer","PlayStation 4, PlayStation 2",77,0,Unknown
Desperados III,4.35,2020-06-15,"Action, Strategy","Xbox One, PlayStation 4, macOS, PC",84,5,Singleplayer
Beat Saber,4.35,2019-05-21,"Action, Indie","PC, PlayStation 5, PlayStation 4",90,7,Singleplayer
Valkyrie Profile,4.35,1999-12-22,RPG,"PlayStation, Android, iOS, PSP",81,0,Singleplayer
Suikoden II,4.35,1998-12-17,RPG,PlayStation,82,12,Singleplayer
Rocket Knight Adventures,4.35,1993-06-16,Platformer,Genesis,,0,Singleplayer
Metroid Prime,4.35,2002-11-17,"Action, Shooter, Adventure","Wii, GameCube",97,2,Singleplayer
Chibi-Robo!,4.35,2005-06-23,Adventure,"Wii, GameCube",75,0,Singleplayer
True Lies,4.35,1994-01-01,Action,"Game Boy, SNES, Genesis",,0,Singleplayer
Knights and Merchants: The Shattered Kingdom,4.35,1998-09-18,Strategy,"PC, Commodore / Amiga, Classic Macintosh, Linux",,0,Both
Comix Zone,4.35,1995-01-01,Action,"PlayStation 3, iOS, PC, Xbox 360, Android, Game Boy Advance, Genesis, SEGA Master System, Wii",,0,Singleplayer
Final Fantasy IX,4.35,2000-07-07,"Adventure, RPG","iOS, PlayStation 4, PlayStation, Android, Nintendo Switch, PC, Xbox One",84,5,Both
Civilization,4.35,1991-01-01,,"Atari ST, PC, Classic Macintosh, PlayStation, SNES, Commodore / Amiga",,0,Both
Castlevania: Symphony of the Night,4.35,1997-03-20,"Action, Adventure","SEGA Saturn, PlayStation, Android, Xbox 360, iOS",93,19,Singleplayer
Pokémon Crystal Version,4.35,2000-12-14,RPG,"Nintendo 3DS, Game Boy Color",,0,Unknown
StarCraft: Remastered,4.35,2017-08-14,Strategy,"PC, macOS",85,1,Both
Katamari Forever,4.35,2009-09-18,Arcade,PlayStation 3,74,0,Unknown
The Lord of the Rings: The Battle for Middle-earth 2 - The Rise of the Witch-king,4.35,2006-11-28,Strategy,PC,,0,Unknown
Tom Clancy's Rainbow Six 3: Raven Shield,4.35,2003-03-01,"Action, Shooter","Xbox, GameCube, PlayStation 2, PC",,72,Both
Tony Hawk's Pro Skater 2,4.35,2000-09-19,"Sports, Arcade","iOS, Game Boy Advance, PlayStation, Game Boy Color, Classic Macintosh, PC, Nintendo 64, Dreamcast",91,0,Both
Transport Tycoon Deluxe,4.35,1995-01-01,Strategy,"Linux, macOS, PC",,0,Unknown
Stronghold: Crusader,4.35,2002-09-27,Strategy,PC,78,0,Unknown
RollerCoaster Tycoon,4.35,1999-03-31,Strategy,PC,,1,Unknown
Outbreaker,4.35,2000-12-01,Arcade,PC,,0,Unknown
Baldur's Gate II: Throne of Bhaal,4.35,2001-06-22,RPG,PC,,3,Unknown
Space Rangers,4.35,2004-06-11,"Adventure, RPG, Strategy, Arcade",PC,,1,Unknown
Duke Nukem 3D,4.35,1996-01-29,"Action, Shooter","Genesis, SEGA Saturn, PlayStation, Xbox 360, PC, iOS, Android",84,1,Both
Donkey Kong Country: Tropical Freeze,4.35,2014-02-13,Platformer,"Nintendo Switch, Wii U",84,7,Singleplayer
Phoenix Wright: Ace Attorney - Spirit of Justice,4.35,2016-06-09,"Adventure, RPG","Android, Nintendo 3DS, iOS",,0,Unknown
Metroid: Zero Mission,4.35,2004-02-09,"Action, Platformer",Game Boy Advance,89,4,Singleplayer
Mario & Luigi: Superstar Saga,4.35,2003-11-17,RPG,Game Boy Advance,90,18,Both
Super Mario Galaxy,4.35,2007-11-01,Platformer,"Nintendo Switch, Wii",97,28,Unknown
Super Metroid,4.35,1994-03-19,"Action, Shooter, Adventure, Platformer","Wii U, Nintendo 3DS, Wii, SNES",,6,Singleplayer
The Legend of Zelda: A Link to the Past,4.35,1991-11-21,"Action, Adventure","Wii, Game Boy Advance, SNES, Nintendo Switch, Nintendo 3DS, Wii U",95,28,Unknown
EarthBound,4.35,1994-08-27,RPG,SNES,,33,Unknown
Shin Megami Tensei IV,4.35,2013-05-23,RPG,Nintendo 3DS,83,82,Unknown
"WarioWare, Inc.: Mega Microgame$!",4.35,2003-03-21,"Action, Casual",Game Boy Advance,89,0,Both
Golden Sun: The Lost Age,4.35,2003-04-14,RPG,Game Boy Advance,86,68,Both
"Colonization, Sid Meier's",4.35,1994-05-13,Strategy,"Linux, macOS, PC, Commodore / Amiga",,1,Singleplayer
Cannon Fodder,4.35,1993-11-28,"Action, Strategy, Arcade","SNES, Atari ST, Game Boy Color, Commodore / Amiga, Classic Macintosh, Jaguar, 3DO, PC, Genesis, Linux, macOS",,1,Singleplayer
Arcanum: Of Steamworks and Magick Obscura,4.35,2001-08-21,RPG,PC,81,1,Singleplayer
Star Wars: Knights of the Old Republic,4.35,2003-07-15,"Action, RPG","Xbox 360, Xbox, Nintendo Switch, Xbox One, Android, iOS, PC, macOS",88,2,Unknown
Star Wars: Knights of the Old Republic II – The Sith Lords,4.35,2004-12-06,"Adventure, RPG","Xbox, Xbox 360, Linux, macOS, PC, Nintendo Switch, Android",85,4,Singleplayer
Zeus + Poseidon,4.35,2016-12-15,Strategy,PC,,2,Singleplayer
Black Mesa,4.35,2020-03-06,"Action, Shooter, Indie","PC, Linux",86,6,Both
Gorogoa,4.35,2017-12-14,"Casual, Family, Indie, Puzzle","PlayStation 4, Xbox One, Nintendo Switch, Android, macOS, PC, iOS",,2,Singleplayer
Undertale,4.35,2015-09-14,"RPG, Indie","Xbox Series S/X, Nintendo Switch, Xbox One, PC, macOS, Linux, PlayStation 4, PS Vita",92,5,Singleplayer
STEINS;GATE,4.35,2009-08-25,"Adventure, RPG","PS Vita, PSP, PlayStation 3, PC, iOS, Xbox 360, Android",87,5,Singleplayer
Gates of Hell,4.35,2019-11-05,"Action, Strategy, Simulation, Indie","Nintendo Switch, PC, macOS, Linux",,6,Both
Crash Bandicoot 3: Warped,4.35,1998-10-31,"Action, Platformer",PlayStation,91,5,Singleplayer
ICO,4.35,2001-09-24,"Action, Platformer","PlayStation 3, PlayStation 2",90,0,Unknown
METAL GEAR SOLID HD EDITION,4.35,2011-11-08,"Action, Shooter, Adventure","PS Vita, Xbox 360, PlayStation 3",90,178,Multiplayer
DEVICE 6,4.35,2013-10-17,"Adventure, RPG",iOS,,0,Unknown
KINGDOM HEARTS HD 1.5 +2.5 ReMIX,4.35,2017-03-28,"Action, RPG","PC, PlayStation 4, Xbox One",86,0,Unknown
Neva,4.34,2024-10-14,"Adventure, Indie, Puzzle","Xbox Series S/X, Nintendo Switch, PlayStation 5, macOS, PC, PlayStation 4",,5,Singleplayer
The Talos Principle 2,4.34,2023-11-01,"Action, Adventure","PC, PlayStation 5, Xbox Series S/X",,10,Singleplayer
Ghost of Tsushima - Iki Island,4.34,2021-08-20,"Action, Adventure, RPG","PC, PlayStation 4, PlayStation 5",,0,Unknown
Dead Space,4.34,2023-01-27,"Action, Adventure","PC, Xbox Series S/X, PlayStation 5",,4,Singleplayer
Alan Wake 2,4.34,2023-10-27,Action,"Xbox Series S/X, PlayStation 5, PC",,0,Unknown
Cube Escape Collection,4.34,2020-10-13,"Adventure, Indie, Puzzle","macOS, PC, iOS, Android",,5,Singleplayer
Metal Gear Solid 3: Subsistence,4.34,2005-12-22,Shooter,"PlayStation 3, PS Vita, PlayStation 2",94,0,Unknown
There Is No Game: Wrong Dimension,4.34,2020-08-05,"Adventure, Casual, Indie, Puzzle","Nintendo Switch, macOS, PC, iOS, Android",88,5,Singleplayer
Gacha Club,4.34,2020-08-16,"RPG, Casual","Android, iOS",,0,Unknown
Mortal Kombat (2011),4.34,2011-04-19,Fighting,"PlayStation 3, Xbox 360",85,0,Unknown
Uno Online,4.34,2019-05-18,,Web,,0,Multiplayer
Shadow of the Colossus,4.34,2005-10-18,"Action, Adventure, RPG",PlayStation 2,91,0,Unknown
Super Mario World 2: Yoshi's Island,4.34,1995-08-05,Platformer,SNES,91,0,Singleplayer
The Legend of Zelda: The Wind Waker,4.34,2002-12-13,Action,GameCube,,37,Both
Eternal Darkness: Sanity's Requiem,4.34,2002-06-23,"Action, Adventure",GameCube,92,0,Singleplayer
Quake III Arena,4.34,1999-12-02,"Action, Shooter","Classic Macintosh, PlayStation, Dreamcast, PC, Linux, PlayStation 2",,1,Both
Grandia II,4.34,2000-12-06,RPG,"PC, Dreamcast, PlayStation 2",77,37,Singleplayer
Phoenix Wright: Ace Attorney − Trials and Tribulations,4.34,2004-01-23,Adventure,"Game Boy Advance, iOS, PC, Nintendo 3DS, Nintendo DS, Wii, Android",81,17,Unknown
